,name,categories,review_count,rating,address,zipcode,city,coordinates,phone,transactions
0,Thomas J O'Connor Animal Control and Adoption Center,"[{'alias': 'animalshelters', 'title': 'Animal Shelters'}]",10,3.5,"['627 Cottage St', 'Springfield, MA 01104']",01104,Springfield,"{'latitude': 42.1417438090943, 'longitude': -72.5294950627114}",(413) 781-1484,[]
1,Sadie Mae Foundation,"[{'alias': 'nonprofit', 'title': 'Community Service/Non-Profit'}, {'alias': 'animalshelters', 'title': 'Animal Shelters'}]",1,5.0,"['Manchester, CT 06043']",06043,Manchester,"{'latitude': 41.77123, 'longitude': -72.44}",(860) 865-0492,[]
2,Dakin Humane Society,"[{'alias': 'animalshelters', 'title': 'Animal Shelters'}, {'alias': 'pet_training', 'title': 'Pet Training'}]",11,3.5,"['171 Union St', 'Springfield, MA 01105']",01105,Springfield,"{'latitude': 42.099955870892, 'longitude': -72.5830566671781}",(413) 781-4000,[]
3,Pecks Puppies,"[{'alias': 'animalshelters', 'title': 'Animal Shelters'}, {'alias': 'petbreeders', 'title': 'Pet Breeders'}, {'alias': 'petadoption', 'title': 'Pet Adoption'}]",2,3.0,"['46 Edgewood Rd', 'Berlin, CT 06037']",06037,Berlin,"{'latitude': 41.60007, 'longitude': -72.81772}",(860) 930-4001,[]
4,Paws Finding Peace,"[{'alias': 'vet', 'title': 'Veterinarians'}]",1,5.0,"['Holyoke, MA 01041']",01041,Holyoke,"{'latitude': 42.2081539, 'longitude': -72.609653}",(413) 327-5077,[]
5,Dog Star Rescue,"[{'alias': 'petadoption', 'title': 'Pet Adoption'}]",5,3.5,"['12 Tobey Rd', 'Bloomfield, CT 06002']",06002,Bloomfield,"{'latitude': 41.809286, 'longitude': -72.710153}",(860) 461-0848,[]
6,Westfield Homeless Cat Project,"[{'alias': 'animalshelters', 'title': 'Animal Shelters'}]",14,2.0,"['1124 E Mountain Rd', 'Westfield, MA 01085']",01085,Westfield,"{'latitude': 42.146053, 'longitude': -72.700401}",(413) 568-6964,[]
7,Connecticut Cat Connection,"[{'alias': 'animalshelters', 'title': 'Animal Shelters'}, {'alias': 'petadoption', 'title': 'Pet Adoption'}]",7,5.0,"['40 Stevens Mill Rd', 'Windsor, CT 06095']",06095,Windsor,"{'latitude': 41.919174, 'longitude': -72.702979}",(860) 219-9396,[]
8,"Animal Alliances, LLC","[{'alias': 'pet_training', 'title': 'Pet Training'}]",5,5.0,"['137-E Damon Rd', 'Northampton, MA 01060']",01060,Northampton,"{'latitude': 42.3384, 'longitude': -72.63091}",(413) 585-5868,[]
9,The Dog House,"[{'alias': 'petstore', 'title': 'Pet Stores'}, {'alias': 'petadoption', 'title': 'Pet Adoption'}, {'alias': 'petboarding', 'title': 'Pet Boarding'}]",33,2.0,"['120 Hale Rd', 'Manchester, CT 06040']",06040,Manchester,"{'latitude': 41.809171, 'longitude': -72.530485}",(860) 648-1514,[]
10,VCA Shaker Road Animal Hospital,"[{'alias': 'vet', 'title': 'Veterinarians'}, {'alias': 'groomer', 'title': 'Pet Groomers'}]",3,5.0,"['108 Shaker Rd', 'East Longmeadow, MA 01028']",01028,East Longmeadow,"{'latitude': 42.05969000355006, 'longitude': -72.51513601500125}",(413) 525-6671,[]
11,Paw Street Barkery,"[{'alias': 'petstore', 'title': 'Pet Stores'}]",5,4.0,"['1519 Memorial Dr', 'Chicopee, MA 01020']",01020,Chicopee,"{'latitude': 42.19886, 'longitude': -72.57291}",(413) 437-8014,[]
12,Animal City,"[{'alias': 'petstore', 'title': 'Pet Stores'}]",19,3.5,"['35 Talcottville Rd', 'Vernon Rockville, CT 06066']",06066,Vernon Rockville,"{'latitude': 41.827045, 'longitude': -72.497535}",(860) 872-3574,[]
13,Florence Animal Clinic,"[{'alias': 'vet', 'title': 'Veterinarians'}]",3,3.5,"['185 Locust St', 'Northampton, MA 01060']",01060,Northampton,"{'latitude': 42.334, 'longitude': -72.66106}",(413) 584-9477,[]
14,Roaring Brook Kennels,"[{'alias': 'pet_sitting', 'title': 'Pet Sitting'}, {'alias': 'pet_training', 'title': 'Pet Training'}, {'alias': 'groomer', 'title': 'Pet Groomers'}]",7,4.0,"['56 Lovely Blvd', 'Canton, CT 06019']",06019,Canton,"{'latitude': 41.817439, 'longitude': -72.888794}",(860) 693-0603,[]
15,Behavior Unleashed,"[{'alias': 'pet_training', 'title': 'Pet Training'}]",1,5.0,"['Simsbury, CT 06070']",06070,Simsbury,"{'latitude': 41.8775067, 'longitude': -72.7924612}",(860) 682-2313,[]
16,Backyards to Barnyards Pet Sitting Services,"[{'alias': 'dogwalkers', 'title': 'Dog Walkers'}, {'alias': 'pet_sitting', 'title': 'Pet Sitting'}]",1,5.0,"['443 Pine Hill Rd', 'Moosup, CT 06354']",06354,Moosup,"{'latitude': 41.66708, 'longitude': -71.82168}",(401) 654-1396,[]
17,Dakin Humane Society,"[{'alias': 'animalshelters', 'title': 'Animal Shelters'}, {'alias': 'petadoption', 'title': 'Pet Adoption'}]",6,4.5,"['163 Montague Rd', 'Leverett, MA 01054']",01054,Leverett,"{'latitude': 42.47547, 'longitude': -72.49787}",(413) 548-9898,[]
21,Windham County Humane Society,"[{'alias': 'animalshelters', 'title': 'Animal Shelters'}, {'alias': 'petadoption', 'title': 'Pet Adoption'}, {'alias': 'petservices', 'title': 'Pet Services'}]",1,5.0,"['916 West River Rd', 'Brattleboro, VT 05301']",05301,Brattleboro,"{'latitude': 42.885714, 'longitude': -72.589464}",(802) 254-2232,[]
22,Sterling Animal Shelter,"[{'alias': 'animalshelters', 'title': 'Animal Shelters'}, {'alias': 'vet', 'title': 'Veterinarians'}]",18,4.5,"['17 Laurelwood Rd', 'Sterling, MA 01564']",01564,Sterling,"{'latitude': 42.445846, 'longitude': -71.752807}",(978) 422-8585,[]
23,Nashoba Valley Humane Society,"[{'alias': 'animalshelters', 'title': 'Animal Shelters'}, {'alias': 'petstore', 'title': 'Pet Stores'}]",1,5.0,"['505 Center Bridge Rd', 'Lancaster, MA 01523']",01523,Lancaster,"{'latitude': 42.44454, 'longitude': -71.66724}",(978) 365-9470,[]
24,Worc Animal Rescue League,"[{'alias': 'animalshelters', 'title': 'Animal Shelters'}, {'alias': 'petadoption', 'title': 'Pet Adoption'}]",7,5.0,"['139 Holden St', 'Worcester, MA 01606']",01606,Worcester,"{'latitude': 42.31029622059917, 'longitude': -71.81971023792704}",(508) 853-0030,[]
26,For The Love of Paws RI,"[{'alias': 'petadoption', 'title': 'Pet Adoption'}, {'alias': 'pettransport', 'title': 'Pet Transportation'}]",2,5.0,"['Cranston, RI 02920']",02920,Cranston,"{'latitude': 41.7633666992188, 'longitude': -71.462028503418}",(401) 316-4865,[]
27,Second Chance Animal Shelter,"[{'alias': 'animalshelters', 'title': 'Animal Shelters'}]",27,3.5,"['111 Young Rd', 'East Brookfield, MA 01515']",01515,East Brookfield,"{'latitude': 42.223636, 'longitude': -72.037582}",(508) 867-5525,[]
31,Sonsini Animal Shelter,"[{'alias': 'animalshelters', 'title': 'Animal Shelters'}, {'alias': 'petadoption', 'title': 'Pet Adoption'}]",3,3.5,"['875 Crane Ave', 'Pittsfield, MA 01201']",01201,Pittsfield,"{'latitude': 42.469009, 'longitude': -73.20877}",(413) 448-9800,[]
32,ahimsa haven,"[{'alias': 'animalshelters', 'title': 'Animal Shelters'}]",3,2.5,"['Central St', 'Winchendon, MA 01475']",01475,Winchendon,"{'latitude': 42.6847022696718, 'longitude': -72.0457758592222}",(978) 939-8464,[]
37,Waggin' Tails Pet Care Services,"[{'alias': 'dogwalkers', 'title': 'Dog Walkers'}, {'alias': 'pet_sitting', 'title': 'Pet Sitting'}, {'alias': 'vet', 'title': 'Veterinarians'}]",2,5.0,"['Ashburnham, MA 01430']",01430,Ashburnham,"{'latitude': 42.63282, 'longitude': -71.90973}",(978) 828-8760,[]
38,Dog Orphans,"[{'alias': 'animalshelters', 'title': 'Animal Shelters'}, {'alias': 'petstore', 'title': 'Pet Stores'}]",3,2.5,"['90 Webster St', 'Douglas, MA 01516']",01516,Douglas,"{'latitude': 42.05315, 'longitude': -71.75558}",(508) 476-1855,[]
39,East Coast Canine Rescue,"[{'alias': 'petadoption', 'title': 'Pet Adoption'}, {'alias': 'nonprofit', 'title': 'Community Service/Non-Profit'}]",17,3.5,"['Pomfret, CT 06259']",06259,Pomfret,"{'latitude': 41.8959709121267, 'longitude': -71.9610665777753}",(508) 341-7189,[]
41,Monadnock Humane Society Shelter,"[{'alias': 'petstore', 'title': 'Pet Stores'}, {'alias': 'petadoption', 'title': 'Pet Adoption'}, {'alias': 'pet_sitting', 'title': 'Pet Sitting'}]",7,3.5,"['101 W Swanzey Rd', 'Swanzey, NH 03446']",03446,Swanzey,"{'latitude': 42.90683, 'longitude': -72.2996}",(603) 352-9011,[]
43,Paws Cat Shelter,"[{'alias': 'animalshelters', 'title': 'Animal Shelters'}, {'alias': 'petadoption', 'title': 'Pet Adoption'}, {'alias': 'nonprofit', 'title': 'Community Service/Non-Profit'}]",5,3.5,"['240 Rte 171', 'Woodstock, CT 06281']",06281,Woodstock,"{'latitude': 41.933166, 'longitude': -71.955677}",(860) 315-1228,[]
44,Pat Brody Shelter for Cats,"[{'alias': 'animalshelters', 'title': 'Animal Shelters'}, {'alias': 'petadoption', 'title': 'Pet Adoption'}]",20,3.5,"['479 Northfield Rd', 'Lunenburg, MA 01462']",01462,Lunenburg,"{'latitude': 42.61012, 'longitude': -71.73273}",(978) 582-6116,[]
46,Community Cat Connection,"[{'alias': 'animalshelters', 'title': 'Animal Shelters'}, {'alias': 'petstore', 'title': 'Pet Stores'}]",8,3.5,"['289 Thompson Rd', 'Webster, MA 01570']",01570,Webster,"{'latitude': 42.0331869, 'longitude': -71.8552284}",(508) 949-0779,[]
47,The Boxer Rescue,"[{'alias': 'animalshelters', 'title': 'Animal Shelters'}]",2,3.0,"['Grafton, MA 01519']",01519,Grafton,"{'latitude': 42.1992752566798, 'longitude': -71.6885375976562}",(800) 471-2030,[]
50,Furry Angels Dachshund Rescue,"[{'alias': 'animalshelters', 'title': 'Animal Shelters'}, {'alias': 'nonprofit', 'title': 'Community Service/Non-Profit'}]",1,1.0,"['Foster, RI 02825']",02825,Foster,"{'latitude': 41.79754, 'longitude': -71.72652}",(401) 392-3585,[]
51,VCA Lancaster Animal Hospital,"[{'alias': 'vet', 'title': 'Veterinarians'}, {'alias': 'pet_sitting', 'title': 'Pet Sitting'}]",26,3.5,"['456 High St', 'Ste A', 'Lancaster, MA 01523']",01523,Lancaster,"{'latitude': 42.4455122376623, 'longitude': -71.6655710994141}",(978) 368-8363,[]
53,The Perfect Puppy,"[{'alias': 'petstore', 'title': 'Pet Stores'}]",19,2.0,"['1265 Chopmist Hill Rd', 'Scituate, RI 02857']",02857,Scituate,"{'latitude': 41.8209457397461, 'longitude': -71.6676254272461}",(401) 764-0749,[]
54,Mighty Clean Mutt,"[{'alias': 'groomer', 'title': 'Pet Groomers'}, {'alias': 'petstore', 'title': 'Pet Stores'}]",6,4.0,"['52 French King Hwy', 'Greenfield, MA 01301']",01301,Greenfield,"{'latitude': 42.606602, 'longitude': -72.577423}",(413) 772-9367,[]
55,Dog Proof Photography,"[{'alias': 'petphotography', 'title': 'Pet Photography'}]",5,5.0,"['Clinton, MA 01510']",01510,Clinton,"{'latitude': 42.4173812866211, 'longitude': -71.685417175293}",(978) 612-6570,[]
56,VCA Sterling Animal Hospital,"[{'alias': 'vet', 'title': 'Veterinarians'}]",9,4.0,"['4 Clinton Road', 'Sterling, MA 01564']",01564,Sterling,"{'latitude': 42.4381054533218, 'longitude': -71.755044311285}",(978) 422-6262,[]
89,Berkshire Humane Society,"[{'alias': 'animalshelters', 'title': 'Animal Shelters'}, {'alias': 'pet_training', 'title': 'Pet Training'}]",5,2.5,"['214 Barker Rd', 'Pittsfield, MA 01201']",01201,Pittsfield,"{'latitude': 42.43874, 'longitude': -73.277362}",(413) 447-7878,[]
95,The Little Guild,"[{'alias': 'animalshelters', 'title': 'Animal Shelters'}, {'alias': 'petstore', 'title': 'Pet Stores'}]",9,3.0,"['285 Sharon Goshen Tpke', 'West Cornwall, CT 06796']",06796,West Cornwall,"{'latitude': 41.874501, 'longitude': -73.340093}",(860) 672-6346,[]
107,Animal Rescue League of New Hampshire,"[{'alias': 'animalshelters', 'title': 'Animal Shelters'}, {'alias': 'petstore', 'title': 'Pet Stores'}, {'alias': 'petadoption', 'title': 'Pet Adoption'}]",5,4.5,"['545 Rt 101', 'Bedford, NH 03110']",03110,Bedford,"{'latitude': 42.90873, 'longitude': -71.56843}",(603) 472-3647,[]
108,Buddy Dog Humane Society,"[{'alias': 'animalshelters', 'title': 'Animal Shelters'}, {'alias': 'petstore', 'title': 'Pet Stores'}]",51,4.0,"['151 Boston Post Rd', 'Sudbury, MA 01776']",01776,Sudbury,"{'latitude': 42.36168, 'longitude': -71.39682}",(978) 443-6990,[]
113,Forever Home Rescue New England,"[{'alias': 'animalshelters', 'title': 'Animal Shelters'}]",17,4.5,"['106 Adams St', 'Medfield, MA 02052']",02052,Medfield,"{'latitude': 42.1967812, 'longitude': -71.3239288}",(508) 359-4465,[]
114,Guardian Angels Cat Rescue,"[{'alias': 'petadoption', 'title': 'Pet Adoption'}, {'alias': 'animalshelters', 'title': 'Animal Shelters'}]",7,5.0,"['Wayland, MA 01778']",01778,Wayland,"{'latitude': 42.3632011413574, 'longitude': -71.3603134155273}",(781) 237-8405,[]
115,Just A Touch Rescue,"[{'alias': 'animalshelters', 'title': 'Animal Shelters'}]",3,5.0,"['Albion, RI 02802']",02802,Albion,"{'latitude': 41.9524078369141, 'longitude': -71.4565200805664}",,[]
116,Baypath Humane Society,"[{'alias': 'animalshelters', 'title': 'Animal Shelters'}]",32,4.0,"['5 Rafferty Rd', 'Hopkinton, MA 01748']",01748,Hopkinton,"{'latitude': 42.2464616596699, 'longitude': -71.5265415608883}",,[]
119,Pawfect Life Rescue,"[{'alias': 'petservices', 'title': 'Pet Services'}, {'alias': 'animalshelters', 'title': 'Animal Shelters'}, {'alias': 'nonprofit', 'title': 'Community Service/Non-Profit'}]",12,3.5,"['Uxbridge, MA 01569']",01569,Uxbridge,"{'latitude': 42.0772429, 'longitude': -71.6302532}",(508) 854-3790,[]
121,Cumberland Animal Control Martin,"[{'alias': 'animalshelters', 'title': 'Animal Shelters'}, {'alias': 'petstore', 'title': 'Pet Stores'}]",2,4.5,"['44 Martin St', 'Cumberland, RI 02864']",02864,Cumberland,"{'latitude': 41.9272498, 'longitude': -71.4281141}",(401) 333-2745,[]
123,Lincoln Animal Shelter,"[{'alias': 'animalshelters', 'title': 'Animal Shelters'}]",4,3.0,"['25 Wellington Rd', 'Lincoln, RI 02865']",02865,Lincoln,"{'latitude': 41.9203265011311, 'longitude': -71.4773780107498}",(401) 333-0950,[]
124,Animal Rescue Network of New England,"[{'alias': 'petadoption', 'title': 'Pet Adoption'}]",4,3.0,"['Pelham, NH 03076']",03076,Pelham,"{'latitude': 42.73019, 'longitude': -71.322}",(603) 233-4801,[]
125,Happy Dogs of New England,"[{'alias': 'petadoption', 'title': 'Pet Adoption'}]",9,3.5,"['Manchester, NH 03101']",03101,Manchester,"{'latitude': 42.99080276489258, 'longitude': -71.4638671875}",,[]
126,Friends of Homeless Animals,"[{'alias': 'animalshelters', 'title': 'Animal Shelters'}, {'alias': 'nonprofit', 'title': 'Community Service/Non-Profit'}, {'alias': 'petadoption', 'title': 'Pet Adoption'}]",46,3.5,"['Providence, RI 02918']",02918,Providence,"{'latitude': 41.84311, 'longitude': -71.44044}",(401) 234-4499,[]
127,Lowell Humane Society,"[{'alias': 'animalshelters', 'title': 'Animal Shelters'}, {'alias': 'petservices', 'title': 'Pet Services'}, {'alias': 'petstore', 'title': 'Pet Stores'}]",14,3.5,"['951 Broadway St', 'Lowell, MA 01854']",01854,Lowell,"{'latitude': 42.64116, 'longitude': -71.33779}",(978) 452-7781,[]
129,Manchester Animal Shelter,"[{'alias': 'animalshelters', 'title': 'Animal Shelters'}, {'alias': 'petadoption', 'title': 'Pet Adoption'}]",8,3.5,"['490 Dunbarton Rd', 'Manchester, NH 03102']",03102,Manchester,"{'latitude': 43.0159151495325, 'longitude': -71.4900923842853}",(603) 628-3544,[]
130,Save A Dog,"[{'alias': 'animalshelters', 'title': 'Animal Shelters'}, {'alias': 'petstore', 'title': 'Pet Stores'}]",41,3.0,"['604 Boston Post Rd', 'Sudbury, MA 01776']",01776,Sudbury,"{'latitude': 42.36094, 'longitude': -71.43742}",(978) 443-7282,[]
131,Humane Society For Greater Nashua,"[{'alias': 'animalshelters', 'title': 'Animal Shelters'}, {'alias': 'petstore', 'title': 'Pet Stores'}]",19,3.0,"['24 Ferry Rd', 'Nashua, NH 03064']",03064,Nashua,"{'latitude': 42.7811, 'longitude': -71.4882}",(603) 889-2275,[]
133,Metrowest Humane Society,"[{'alias': 'animalshelters', 'title': 'Animal Shelters'}, {'alias': 'petstore', 'title': 'Pet Stores'}]",14,2.5,"['30 Pond St', 'Ashland, MA 01721']",01721,Ashland,"{'latitude': 42.2577018737793, 'longitude': -71.4250946044922}",(508) 875-3776,[]
135,Maple Farm Sanctuary,"[{'alias': 'animalshelters', 'title': 'Animal Shelters'}]",7,5.0,"['101 N Ave', 'Mendon, MA 01756']",01756,Mendon,"{'latitude': 42.123545, 'longitude': -71.566764}",(508) 473-7539,[]
137,Medfield Animal Shelter,"[{'alias': 'animalshelters', 'title': 'Animal Shelters'}]",7,3.5,"['101 Old Bridge St', 'Medfield, MA 02052']",02052,Medfield,"{'latitude': 42.1905697903332, 'longitude': -71.3336159661412}",(508) 359-8989,[]
139,CARMAH,"[{'alias': 'animalshelters', 'title': 'Animal Shelters'}, {'alias': 'nonprofit', 'title': 'Community Service/Non-Profit'}, {'alias': 'petadoption', 'title': 'Pet Adoption'}]",4,4.0,"['Hudson, MA 01749']",01749,Hudson,"{'latitude': 42.3943972, 'longitude': -71.5964922}",(508) 460-2022,[]
140,Pawtucket Animal Shelter,"[{'alias': 'animalshelters', 'title': 'Animal Shelters'}]",5,3.5,"['401 Newport Ave', 'Pawtucket, RI 02861']",02861,Pawtucket,"{'latitude': 41.8690687, 'longitude': -71.3542032}",(401) 729-7496,[]
141,Yankee Golden Retriever Rescue Inc,"[{'alias': 'animalshelters', 'title': 'Animal Shelters'}, {'alias': 'petstore', 'title': 'Pet Stores'}]",3,2.5,"['110 Chapin Rd', 'Hudson, MA 01749']",01749,Hudson,"{'latitude': 42.3893848, 'longitude': -71.560526}",(978) 568-9700,[]
142,Milford Humane Society,"[{'alias': 'animalshelters', 'title': 'Animal Shelters'}, {'alias': 'petstore', 'title': 'Pet Stores'}]",6,3.0,"['289 West St', 'Milford, MA 01757']",01757,Milford,"{'latitude': 42.15061, 'longitude': -71.55552}",(508) 473-7008,[]
143,Oak Rise Farm,"[{'alias': 'horse_boarding', 'title': 'Horse Boarding'}, {'alias': 'animalshelters', 'title': 'Animal Shelters'}]",1,5.0,"['371 Shirley Hill Rd', 'Goffstown, NH 03045']",03045,Goffstown,"{'latitude': 42.987963, 'longitude': -71.5421857}",(603) 656-9730,[]
144,Providence Animal Rescue League,"[{'alias': 'animalshelters', 'title': 'Animal Shelters'}]",26,3.5,"['34 Elbow St', 'Providence, RI 02903']",02903,Providence,"{'latitude': 41.8173446655273, 'longitude': -71.4104385375977}",(401) 421-1399,[]
148,Darbster Kitty,"[{'alias': 'petadoption', 'title': 'Pet Adoption'}, {'alias': 'petboarding', 'title': 'Pet Boarding'}]",10,4.0,"['332 Kelley St', 'Manchester, NH 03102']",03102,Manchester,"{'latitude': 42.99496, 'longitude': -71.484359}",(603) 856-9233,[]
149,Boxer Buddies Rescue,"[{'alias': 'animalshelters', 'title': 'Animal Shelters'}]",1,5.0,"['Bellingham, MA 02019']",02019,Bellingham,"{'latitude': 42.068411, 'longitude': -71.476494}",(508) 657-8348,[]
169,Ct Audubon Center At Glastonbury,"[{'alias': 'animalshelters', 'title': 'Animal Shelters'}]",2,5.0,"['1361 Main St', 'Glastonbury, CT 06033']",06033,Glastonbury,"{'latitude': 41.681997, 'longitude': -72.600379}",(860) 633-8402,[]
170,Connecticut Humane Society,"[{'alias': 'animalshelters', 'title': 'Animal Shelters'}, {'alias': 'vet', 'title': 'Veterinarians'}]",30,3.5,"['701 Russell Rd', 'Newington, CT 06111']",06111,Newington,"{'latitude': 41.700678, 'longitude': -72.706654}",(800) 452-0114,[]
172,Protectors of Animals,"[{'alias': 'animalshelters', 'title': 'Animal Shelters'}]",16,4.5,"['144 Main St', 'East Hartford, CT 06118']",06118,East Hartford,"{'latitude': 41.73418, 'longitude': -72.62567}",(860) 569-0722,[]
176,Animal Friends of Connecticut,"[{'alias': 'animalshelters', 'title': 'Animal Shelters'}]",3,3.5,"['West Hartford, CT 06053']",06053,West Hartford,"{'latitude': 41.68811, 'longitude': -72.79066}",(860) 489-4901,[]
179,For The Love of Dogs,"[{'alias': 'dogwalkers', 'title': 'Dog Walkers'}, {'alias': 'pet_sitting', 'title': 'Pet Sitting'}]",2,5.0,"['52 Mikayla Ln', 'Prospect, CT 06712']",06712,Prospect,"{'latitude': 41.5249596, 'longitude': -72.9645386}",(203) 996-8068,[]
180,Fur-Gotten Tails Animal Rescue,"[{'alias': 'animalshelters', 'title': 'Animal Shelters'}]",2,1.0,"['Plainville, CT 06062']",06062,Plainville,"{'latitude': 41.67498, 'longitude': -72.85505}",(860) 308-0899,[]
181,Mohawk Hudson Humane Society,"[{'alias': 'animalshelters', 'title': 'Animal Shelters'}, {'alias': 'petstore', 'title': 'Pet Stores'}, {'alias': 'petadoption', 'title': 'Pet Adoption'}]",20,3.0,"['3 Oakland Ave', 'Albany, NY 12204']",12204,Albany,"{'latitude': 42.6892093, 'longitude': -73.7238381}",(518) 434-8128,[]
183,Columbia-Greene Humane Society,"[{'alias': 'animalshelters', 'title': 'Animal Shelters'}, {'alias': 'nonprofit', 'title': 'Community Service/Non-Profit'}, {'alias': 'pet_sitting', 'title': 'Pet Sitting'}]",11,2.5,"['125 Humane Society Rd', 'Hudson, NY 12534']",12534,Hudson,"{'latitude': 42.26507, 'longitude': -73.75104}",(518) 828-6044,[]
186,Animal Protective Foundation,"[{'alias': 'animalshelters', 'title': 'Animal Shelters'}, {'alias': 'petstore', 'title': 'Pet Stores'}, {'alias': 'pet_training', 'title': 'Pet Training'}]",8,3.0,"['53 Maple Ave', 'Glenville, NY 12302']",12302,Glenville,"{'latitude': 42.84214128981652, 'longitude': -73.92810586271999}",(518) 374-3944,[]
188,Wolcott Dog Pound,"[{'alias': 'animalshelters', 'title': 'Animal Shelters'}]",7,1.5,"['775 Bound Line Rd', 'Wolcott, CT 06716']",06716,Wolcott,"{'latitude': 41.621665, 'longitude': -72.9799}",(203) 879-7620,[]
189,Capital District Humane Assoc,"[{'alias': 'animalshelters', 'title': 'Animal Shelters'}, {'alias': 'petstore', 'title': 'Pet Stores'}]",3,2.5,"['Albany, NY 12211']",12211,Albany,"{'latitude': 42.69773, 'longitude': -73.76051}",(518) 664-1237,[]
192,All Pets Club,"[{'alias': 'petstore', 'title': 'Pet Stores'}]",11,2.0,"['405 Queen St', 'Southington, CT 06489']",06489,Southington,"{'latitude': 41.6279182, 'longitude': -72.8728714}",(860) 621-4664,[]
194,Animal Rescue Foundation,"[{'alias': 'animalshelters', 'title': 'Animal Shelters'}, {'alias': 'petstore', 'title': 'Pet Stores'}]",11,1.5,"['366 Main St', 'Terryville, CT 06786']",06786,Terryville,"{'latitude': 41.6787257, 'longitude': -73.0239512}",(860) 583-3089,[]
195,Whiskers Animal Benevolent League,"[{'alias': 'animalshelters', 'title': 'Animal Shelters'}]",13,2.5,"['Albany, NY 12211']",12211,Albany,"{'latitude': 42.71265, 'longitude': -73.77646}",(518) 458-2287,[]
196,Berkshire Wildlife Solutions,"[{'alias': 'animalshelters', 'title': 'Animal Shelters'}]",1,5.0,"['Salisbury, CT 06068']",06068,Salisbury,"{'latitude': 42.023677, 'longitude': -73.4415929}",(413) 528-9813,[]
198,Chathams Small Animal Hospital,"[{'alias': 'vet', 'title': 'Veterinarians'}]",8,4.5,"['4042 Rt 203', 'North Chatham, NY 12132']",12132,North Chatham,"{'latitude': 42.460211, 'longitude': -73.641476}",(518) 766-4600,[]
199,Last Post,"[{'alias': 'animalshelters', 'title': 'Animal Shelters'}]",1,3.0,"['95 Belden St', 'Falls Village, CT 06031']",06031,Falls Village,"{'latitude': 41.98672, 'longitude': -73.365736}",(860) 824-0831,[]
200,Conneticuit Humane Society,"[{'alias': 'animalshelters', 'title': 'Animal Shelters'}]",2,3.0,"['701 Russell Rd', 'Newington, CT 06880']",06880,Newington,"{'latitude': 41.700695, 'longitude': -72.706655}",(800) 452-0114,[]
202,PetSmart,"[{'alias': 'petstore', 'title': 'Pet Stores'}, {'alias': 'groomer', 'title': 'Pet Groomers'}, {'alias': 'pet_training', 'title': 'Pet Training'}]",32,3.0,"['5 Main St', 'East Hartford, CT 06118']",06118,East Hartford,"{'latitude': 41.727427, 'longitude': -72.620191}",(860) 895-1816,[]
203,Vanillabelle Ragdoll Cats & Kittens,"[{'alias': 'petadoption', 'title': 'Pet Adoption'}, {'alias': 'petbreeders', 'title': 'Pet Breeders'}]",10,3.5,"['Clinton, NY 13321']",13321,Clinton,"{'latitude': 43.08826, 'longitude': -75.37446}",(315) 725-1235,[]
204,Wells Valley Cat Sanctuary,"[{'alias': 'animalshelters', 'title': 'Animal Shelters'}, {'alias': 'petadoption', 'title': 'Pet Adoption'}]",4,3.0,"['New Milford, CT 06776']",06776,New Milford,"{'latitude': 41.57651, 'longitude': -73.40845}",(860) 421-3755,[]
205,Barkery Boo'tique,"[{'alias': 'petstore', 'title': 'Pet Stores'}]",6,5.0,"['92 Park Lane Rd', 'New Milford, CT 06776']",06776,New Milford,"{'latitude': 41.6017236, 'longitude': -73.4058099}",(860) 210-1312,[]
206,Connecticut Veterinary Center,"[{'alias': 'vet', 'title': 'Veterinarians'}, {'alias': 'groomer', 'title': 'Pet Groomers'}, {'alias': 'pet_sitting', 'title': 'Pet Sitting'}]",50,2.5,"['470 Oakwood Ave', 'West Hartford, CT 06110']",06110,West Hartford,"{'latitude': 41.74183, 'longitude': -72.7202}",(860) 233-8564,[]
208,Farm To You Revue,"[{'alias': 'animalshelters', 'title': 'Animal Shelters'}]",2,3.0,"['Cedar Key, FL 34431']",34431,Cedar Key,"{'latitude': 41.723642, 'longitude': -73.77132}",(845) 518-1239,[]
209,Aunt Bue's Pet Sits and Dog Walks,"[{'alias': 'dogwalkers', 'title': 'Dog Walkers'}, {'alias': 'pet_sitting', 'title': 'Pet Sitting'}]",1,4.0,"['312 Vliet Blvd', 'Cohoes, NY 12047']",12047,Cohoes,"{'latitude': 42.77888, 'longitude': -73.72237}",(518) 331-5817,[]
210,Holly Hedge Animal Sanctuary,"[{'alias': 'animalshelters', 'title': 'Animal Shelters'}]",2,5.0,"['Wild Country Lane', 'Barrow Gurney', 'Bristol BS48 3SE', 'United Kingdom']",BS48 3SE,Bristol,"{'latitude': 51.413483, 'longitude': -2.674684}",+44 1275 474719,[]
211,Silver Lake Animal Hospital Llc,"[{'alias': 'vet', 'title': 'Veterinarians'}]",3,3.5,"['2762 Wilbur Cross Hwy', 'Berlin, CT 06037']",06037,Berlin,"{'latitude': 41.5793647766113, 'longitude': -72.7675476074219}",(860) 828-4717,[]
252,Animal Adventures,"[{'alias': 'zoos', 'title': 'Zoos'}, {'alias': 'animalshelters', 'title': 'Animal Shelters'}]",159,4.0,"['336 Sugar Rd', 'Bolton, MA 01740']",01740,Bolton,"{'latitude': 42.450634, 'longitude': -71.584318}",(978) 779-8988,[]
253,Greyhound Friends,"[{'alias': 'animalshelters', 'title': 'Animal Shelters'}, {'alias': 'nonprofit', 'title': 'Community Service/Non-Profit'}]",26,4.5,"['167 Saddle Hill Rd', 'Hopkinton, MA 01748']",01748,Hopkinton,"{'latitude': 42.2498099, 'longitude': -71.55528}",(508) 435-5969,[]
260,Southland Behavior & Training,"[{'alias': 'pet_training', 'title': 'Pet Training'}]",1,5.0,"['Hopkinton, MA 01748']",01748,Hopkinton,"{'latitude': 42.22544, 'longitude': -71.53136}",(774) 270-1445,[]
275,West Warwick Animal Shelter,"[{'alias': 'animalshelters', 'title': 'Animal Shelters'}, {'alias': 'petadoption', 'title': 'Pet Adoption'}]",5,4.0,"['106 Hay St', 'West Warwick, RI 02893']",02893,West Warwick,"{'latitude': 41.716948, 'longitude': -71.514754}",(401) 615-3388,[]
294,Providence Animal Shelter,"[{'alias': 'animalshelters', 'title': 'Animal Shelters'}]",7,2.0,"['134 Terminal Rd', 'Providence, RI 02905']",02905,Providence,"{'latitude': 41.7957056780904, 'longitude': -71.3951315952092}",(401) 243-6040,[]
295,Warwick Animal shelter,"[{'alias': 'pet_sitting', 'title': 'Pet Sitting'}, {'alias': 'animalshelters', 'title': 'Animal Shelters'}, {'alias': 'petadoption', 'title': 'Pet Adoption'}]",12,3.5,"['101 Arthur W Devine Blvd', 'Warwick, RI 02886']",02886,Warwick,"{'latitude': 41.7250718833284, 'longitude': -71.44442204386}",(401) 468-4377,[]
299,A Dog's Best Friend,"[{'alias': 'petservices', 'title': 'Pet Services'}]",12,4.0,"['39 Phenix Ave', 'Cranston, RI 02920']",02920,Cranston,"{'latitude': 41.78233, 'longitude': -71.46677}",(401) 944-8428,[]
302,Midnight Run Rescue,"[{'alias': 'petadoption', 'title': 'Pet Adoption'}, {'alias': 'animalshelters', 'title': 'Animal Shelters'}]",3,2.5,"['24 Lion St', 'East Greenwich, RI 02818']",02818,East Greenwich,"{'latitude': 41.659195473515, 'longitude': -71.4473405591063}",(860) 984-3712,[]
310,EGAPL Heart of RI,"[{'alias': 'animalshelters', 'title': 'Animal Shelters'}]",22,1.5,"['44 Worthington Rd', 'Cranston, RI 02920']",02920,Cranston,"{'latitude': 41.7507167, 'longitude': -71.4464018}",(401) 467-3670,[]
312,The Perfect Puppy,"[{'alias': 'petstore', 'title': 'Pet Stores'}]",28,2.5,"['289 Cowesett Ave', 'West Warwick, RI 02893']",02893,West Warwick,"{'latitude': 41.683722, 'longitude': -71.506193}",(401) 615-1055,[]
364,Good Dog Pet Training,"[{'alias': 'pet_training', 'title': 'Pet Training'}, {'alias': 'petboarding', 'title': 'Pet Boarding'}]",5,4.0,"['11 Wayne Ave', 'Suffern, NY 10901']",10901,Suffern,"{'latitude': 41.117178, 'longitude': -74.153923}",(845) 533-5393,[]
365,Sassy Styles Mobile Pet Spa,"[{'alias': 'groomer', 'title': 'Pet Groomers'}]",23,4.5,"['Bergen County, NJ 07602']",07602,Bergen County,"{'latitude': 40.8854484558105, 'longitude': -74.0438461303711}",(908) 499-7785,[]
366,"Amanda's No Tricks, Just Treats!","[{'alias': 'pet_training', 'title': 'Pet Training'}]",2,5.0,"['Harrington Park, NJ 07640']",07640,Harrington Park,"{'latitude': 41.0020336168012, 'longitude': -73.977126}",(201) 674-8337,[]
367,Ambassador Veterinary Hospital,"[{'alias': 'vet', 'title': 'Veterinarians'}, {'alias': 'petboarding', 'title': 'Pet Boarding'}, {'alias': 'groomer', 'title': 'Pet Groomers'}]",23,3.0,"['3714 Kennedy Blvd', 'Union City, NJ 07087']",07087,Union City,"{'latitude': 40.7764285727284, 'longitude': -74.0293862691894}",(201) 863-4072,[]
368,J's Dog Walking and Sitting,"[{'alias': 'pet_sitting', 'title': 'Pet Sitting'}, {'alias': 'dogwalkers', 'title': 'Dog Walkers'}]",1,5.0,"['Haskell, NJ 07420']",07420,Haskell,"{'latitude': 41.03172, 'longitude': -74.29572}",(720) 689-8787,[]
397,High Desert Humane Society,"[{'alias': 'animalshelters', 'title': 'Animal Shelters'}, {'alias': 'nonprofit', 'title': 'Community Service/Non-Profit'}]",2,3.0,"['3050 Cougar Way', 'Silver City, NM 88061']",88061,Silver City,"{'latitude': 32.75584, 'longitude': -108.28301}",(575) 538-9261,[]
467,Partnership for Animals Needing Transition,"[{'alias': 'animalshelters', 'title': 'Animal Shelters'}]",1,5.0,"['Salt Point, NY 12578']",12578,Salt Point,"{'latitude': 41.8095092773438, 'longitude': -73.7919006347656}",(845) 486-7075,[]
474,Animalkind,"[{'alias': 'animalshelters', 'title': 'Animal Shelters'}]",18,3.0,"['721 Warren St', 'Hudson, NY 12534']",12534,Hudson,"{'latitude': 42.2466506958008, 'longitude': -73.7830810546875}",(518) 822-8643,[]
492,Crazy Paws Dog Rescue,"[{'alias': 'animalshelters', 'title': 'Animal Shelters'}]",1,1.0,"['2 Tower Pl', 'None', 'Albany, NY 12203']",12203,Albany,"{'latitude': 42.686387, 'longitude': -73.842072}",,[]
663,Whales To Tails Pet Care,"[{'alias': 'dogwalkers', 'title': 'Dog Walkers'}, {'alias': 'pet_training', 'title': 'Pet Training'}, {'alias': 'pet_sitting', 'title': 'Pet Sitting'}]",2,5.0,"['Amherst, NH 03031']",03031,Amherst,"{'latitude': 42.86998, 'longitude': -71.61455}",(603) 966-0587,[]
664,The Woonsocket Cat Sanctuary,"[{'alias': 'animalshelters', 'title': 'Animal Shelters'}]",11,4.0,"['266 Mendon Rd', 'Woonsocket, RI 02895']",02895,Woonsocket,"{'latitude': 42.0146942138672, 'longitude': -71.4804000854492}",(401) 765-4174,[]
665,Framingham Animal Hospital Inc,"[{'alias': 'vet', 'title': 'Veterinarians'}]",28,4.5,"['1415 Edgell Rd', 'Framingham, MA 01701']",01701,Framingham,"{'latitude': 42.345958, 'longitude': -71.435844}",(508) 877-0900,[]
722,Dona Ana County Humane Society,"[{'alias': 'animalshelters', 'title': 'Animal Shelters'}]",2,2.0,"['2405 W Picacho Ave', 'Ste 103', 'Las Cruces, NM 88012']",88012,Las Cruces,"{'latitude': 32.3100499, 'longitude': -106.81048}",(575) 647-4808,[]
723,Animal Services Center of the Mesilla Valley,"[{'alias': 'animalshelters', 'title': 'Animal Shelters'}]",8,4.0,"['3551 Bataan Memorial', 'Las Cruces, NM 88012']",88012,Las Cruces,"{'latitude': 32.3648770282157, 'longitude': -106.750033870339}",,[]
724,Safe Haven Animal Sanctuary,"[{'alias': 'animalshelters', 'title': 'Animal Shelters'}, {'alias': 'petstore', 'title': 'Pet Stores'}]",3,3.5,"['144 Wyatt Dr', 'Las Cruces, NM 88005']",88005,Las Cruces,"{'latitude': 32.29963, 'longitude': -106.77586}",(575) 527-4544,[]
725,Jornada Veterinary Clinic,"[{'alias': 'vet', 'title': 'Veterinarians'}]",28,3.5,"['2399 Saturn Circle', 'Las Cruces, NM 88012']",88012,Las Cruces,"{'latitude': 32.3573499, 'longitude': -106.75927}",(575) 382-1710,[]
726,Arroyo Veterinary Clinic,"[{'alias': 'vet', 'title': 'Veterinarians'}, {'alias': 'petboarding', 'title': 'Pet Boarding'}]",16,5.0,"['825 S Walnut St', 'Las Cruces, NM 88001']",88001,Las Cruces,"{'latitude': 32.30994, 'longitude': -106.75333}",(575) 524-0900,[]
816,You and Your Dog Training & Services,"[{'alias': 'pet_training', 'title': 'Pet Training'}]",3,5.0,"['58 Woods Ln', 'New Boston, NH 03070']",03070,New Boston,"{'latitude': 42.998045, 'longitude': -71.710992}",(603) 782-6787,[]
856,Foster and Forever Pet Rescue,"[{'alias': 'animalshelters', 'title': 'Animal Shelters'}]",1,1.0,"['Naugatuck, CT 06770']",06770,Naugatuck,"{'latitude': 41.4878616333008, 'longitude': -73.0528793334961}",(203) 490-6530,[]
865,Meriden Humane Society,"[{'alias': 'animalshelters', 'title': 'Animal Shelters'}, {'alias': 'nonprofit', 'title': 'Community Service/Non-Profit'}]",12,3.0,"['311 Murdock Ave', 'Meriden, CT 06450']",06450,Meriden,"{'latitude': 41.512465, 'longitude': -72.7676478}",(203) 238-3650,[]
868,Exeter Animal Shelter,"[{'alias': 'animalshelters', 'title': 'Animal Shelters'}]",4,1.5,"['169 South County Trl', 'Exeter, RI 02813']",02813,Exeter,"{'latitude': 41.5505873278811, 'longitude': -71.5289312069642}",(401) 294-2754,[]
1017,The Cat Connection,"[{'alias': 'animalshelters', 'title': 'Animal Shelters'}]",11,4.5,"['Waltham, MA 02454']",02454,Waltham,"{'latitude': 42.3762893676758, 'longitude': -71.2411193847656}",(781) 899-4610,[]
1027,MSPCA-Angell West,"[{'alias': 'vet', 'title': 'Veterinarians'}]",45,3.5,"['293 Second Ave', 'Waltham, MA 02451']",02451,Waltham,"{'latitude': 42.388007, 'longitude': -71.26524}",(781) 902-8400,[]
1039,RISPCA,"[{'alias': 'animalshelters', 'title': 'Animal Shelters'}, {'alias': 'nonprofit', 'title': 'Community Service/Non-Profit'}, {'alias': 'petadoption', 'title': 'Pet Adoption'}]",19,3.0,"['186 Amaral St', 'Riverside, RI 02915']",02915,Riverside,"{'latitude': 41.8025137, 'longitude': -71.3493771}",(401) 438-8150,[]
1044,Greater Derry Humane Society,"[{'alias': 'animalshelters', 'title': 'Animal Shelters'}, {'alias': 'petstore', 'title': 'Pet Stores'}]",3,2.5,"['57 Lawrence Rd', 'Derry, NH 03038']",03038,Derry,"{'latitude': 42.87404, 'longitude': -71.27837}",(603) 434-1512,[]
1202,Architectural Birdhouses Unlimited,"[{'alias': 'animalshelters', 'title': 'Animal Shelters'}]",1,4.0,"['276 Rte 101', 'Amherst, NH 03031']",03031,Amherst,"{'latitude': 42.89647, 'longitude': -71.60456}",(603) 769-3447,[]
1274,Wallingford Animal Shelter,"[{'alias': 'animalshelters', 'title': 'Animal Shelters'}]",2,5.0,"['5 Pent Rd', 'Wallingford, CT 06492']",06492,Wallingford,"{'latitude': 41.4422760009766, 'longitude': -72.8371047973633}",(203) 294-2180,[]
1284,Animal Welfare Society,"[{'alias': 'animalshelters', 'title': 'Animal Shelters'}, {'alias': 'nonprofit', 'title': 'Community Service/Non-Profit'}, {'alias': 'petadoption', 'title': 'Pet Adoption'}]",2,4.5,"['8 Dodd Rd', 'New Milford, CT 06776']",06776,New Milford,"{'latitude': 41.552858, 'longitude': -73.412267}",(860) 354-1350,[]
1286,Whiskers Pet Rescue,"[{'alias': 'animalshelters', 'title': 'Animal Shelters'}, {'alias': 'nonprofit', 'title': 'Community Service/Non-Profit'}, {'alias': 'petadoption', 'title': 'Pet Adoption'}]",1,5.0,"['134 Main St S', 'Southbury, CT 06488']",06488,Southbury,"{'latitude': 41.477098671476334, 'longitude': -73.21926548309612}",(203) 586-1666,[]
1293,New Fairfield-Sherman Animal Welfare Society,"[{'alias': 'animalshelters', 'title': 'Animal Shelters'}]",1,5.0,"['223 State Rt 37', 'New Fairfield, CT 06812']",06812,New Fairfield,"{'latitude': 41.49712, 'longitude': -73.53017}",(203) 746-2925,[]
1307,Four Legged Care,"[{'alias': 'pet_sitting', 'title': 'Pet Sitting'}, {'alias': 'dogwalkers', 'title': 'Dog Walkers'}, {'alias': 'pettransport', 'title': 'Pet Transportation'}]",6,5.0,"['North Haven, CT 06473']",06473,North Haven,"{'latitude': 41.3795318603516, 'longitude': -72.8608322143555}",(203) 283-6531,[]
1308,Ray of Light Farm,"[{'alias': 'horsebackriding', 'title': 'Horseback Riding'}, {'alias': 'animalshelters', 'title': 'Animal Shelters'}]",8,4.5,"['232 Town St', 'East Haddam, CT 06423']",06423,East Haddam,"{'latitude': 41.4482, 'longitude': -72.42571}",(860) 873-1895,[]
1316,Beacon Valley Animal Hospital,"[{'alias': 'vet', 'title': 'Veterinarians'}]",11,3.5,"['772 Prospect St', 'Naugatuck, CT 06770']",06770,Naugatuck,"{'latitude': 41.50512, 'longitude': -73.02087}",(203) 723-5005,[]
1317,All Pets Club,"[{'alias': 'petstore', 'title': 'Pet Stores'}]",39,3.0,"['1167 N Colony Rd', 'Wallingford, CT 06492']",06492,Wallingford,"{'latitude': 41.5009634, 'longitude': -72.8105972}",(203) 265-1899,[]
1929,Last Hope,"[{'alias': 'animalshelters', 'title': 'Animal Shelters'}, {'alias': 'petadoption', 'title': 'Pet Adoption'}]",2,4.5,"['431 Third St', 'Unit 3', 'Farmington, MN 55024']",55024,Farmington,"{'latitude': 44.6381825, 'longitude': -93.144875}",(651) 463-8747,[]
1930,Animal Ark,"[{'alias': 'animalshelters', 'title': 'Animal Shelters'}, {'alias': 'petadoption', 'title': 'Pet Adoption'}]",10,2.5,"['2600 Industrial Ct', 'Hastings, MN 55033']",55033,Hastings,"{'latitude': 44.72192, 'longitude': -92.84376}",(651) 772-8983,[]
1931,Secondhand Hounds,"[{'alias': 'animalshelters', 'title': 'Animal Shelters'}]",31,3.5,"['5959 Baker Rd', 'Ste 390', 'Minnetonka, MN 55345']",55345,Minnetonka,"{'latitude': 44.8946126, 'longitude': -93.4465525}",(952) 322-7643,[]
1932,Animal Humane Society,"[{'alias': 'animalshelters', 'title': 'Animal Shelters'}, {'alias': 'petadoption', 'title': 'Pet Adoption'}, {'alias': 'pet_training', 'title': 'Pet Training'}]",10,4.0,"['9785 Hudson Rd', 'Woodbury, MN 55125']",55125,Woodbury,"{'latitude': 44.9460309, 'longitude': -92.9076128}",(952) 435-7738,[]
1933,For Furever Animal Rescue,"[{'alias': 'petadoption', 'title': 'Pet Adoption'}, {'alias': 'animalshelters', 'title': 'Animal Shelters'}]",3,2.5,"['Saint Paul, MN 55107']",55107,Saint Paul,"{'latitude': 44.9331, 'longitude': -93.07716}",,[]
1934,Underdog Rescue,"[{'alias': 'animalshelters', 'title': 'Animal Shelters'}]",53,4.0,"['Minneapolis, MN 55416']",55416,Minneapolis,"{'latitude': 44.94904, 'longitude': -93.32128}",(952) 929-0777,[]
1935,Happy Tails Rescue,"[{'alias': 'animalshelters', 'title': 'Animal Shelters'}]",48,2.0,"['7940 University Ave NE', 'Fridley, MN 55432']",55432,Fridley,"{'latitude': 45.112446, 'longitude': -93.2639089}",(612) 588-0188,[]
1936,Pet Haven,"[{'alias': 'animalshelters', 'title': 'Animal Shelters'}, {'alias': 'nonprofit', 'title': 'Community Service/Non-Profit'}]",4,4.0,"['Minneapolis, MN 55419']",55419,Minneapolis,"{'latitude': 44.9016189575195, 'longitude': -93.2820434570312}",(952) 831-3825,[]
1937,Pet Project Rescue,"[{'alias': 'animalshelters', 'title': 'Animal Shelters'}]",6,4.0,"['Minneapolis, MN 55458']",55458,Minneapolis,"{'latitude': 44.9826622009277, 'longitude': -93.2638931274414}",(612) 217-4738,[]
1938,Feline Rescue,"[{'alias': 'animalshelters', 'title': 'Animal Shelters'}, {'alias': 'petstore', 'title': 'Pet Stores'}]",13,5.0,"['593 Fairview Ave N', 'Saint Paul, MN 55104']",55104,Saint Paul,"{'latitude': 44.9590644836426, 'longitude': -93.1775970458984}",(651) 642-5900,[]
1939,Humane Society of Goodhue County,"[{'alias': 'animalshelters', 'title': 'Animal Shelters'}, {'alias': 'petstore', 'title': 'Pet Stores'}]",1,1.0,"['1213 Brick Ave', 'Red Wing, MN 55066']",55066,Red Wing,"{'latitude': 44.5556755065918, 'longitude': -92.5614929199219}",(651) 388-5286,[]
1940,Animal Humane Society - Golden Valley,"[{'alias': 'animalshelters', 'title': 'Animal Shelters'}, {'alias': 'pet_training', 'title': 'Pet Training'}, {'alias': 'petadoption', 'title': 'Pet Adoption'}]",53,4.0,"['845 Meadow Ln N', 'Golden Valley, MN 55422']",55422,Golden Valley,"{'latitude': 44.98726, 'longitude': -93.32934}",(952) 435-7738,[]
1941,Midwest Animal Rescue,"[{'alias': 'animalshelters', 'title': 'Animal Shelters'}]",25,2.5,"['4112 83rd Ave N', 'Brooklyn Park, MN 55443']",55443,Brooklyn Park,"{'latitude': 45.1053849, 'longitude': -93.3339347}",(763) 503-4990,[]
1942,The Dog Whisperer of MN,"[{'alias': 'pet_training', 'title': 'Pet Training'}, {'alias': 'groomer', 'title': 'Pet Groomers'}]",5,1.0,"['Burnsville, MN 55337']",55337,Burnsville,"{'latitude': 44.77131, 'longitude': -93.27301}",(952) 978-2231,[]
1943,Chuck & Don's Pet Food & Supplies,"[{'alias': 'petstore', 'title': 'Pet Stores'}]",9,4.5,"['7397 179th St W', 'Lakeville, MN 55044']",55044,Lakeville,"{'latitude': 44.69316, 'longitude': -93.215191}",(952) 432-0026,[]
1944,Rescue Pets Are Wonderful,"[{'alias': 'nonprofit', 'title': 'Community Service/Non-Profit'}, {'alias': 'animalshelters', 'title': 'Animal Shelters'}]",4,3.5,"['Anoka, MN 55303']",55303,Anoka,"{'latitude': 45.1977428, 'longitude': -93.3871758}",(763) 757-8204,[]
1945,Animal Humane Society - Coon Rapids,"[{'alias': 'animalshelters', 'title': 'Animal Shelters'}, {'alias': 'pet_training', 'title': 'Pet Training'}, {'alias': 'petadoption', 'title': 'Pet Adoption'}]",6,3.5,"['1411 Main St NW', 'Coon Rapids, MN 55448']",55448,Coon Rapids,"{'latitude': 45.198279, 'longitude': -93.302206}",(952) 435-7738,[]
1946,Caring For Cats,"[{'alias': 'animalshelters', 'title': 'Animal Shelters'}, {'alias': 'petstore', 'title': 'Pet Stores'}]",2,5.0,"['2141 Division St N', 'Saint Paul, MN 55109']",55109,Saint Paul,"{'latitude': 45.0061697, 'longitude': -92.9848749}",(651) 407-8485,[]
1947,Carver Scott Humane Society,"[{'alias': 'animalshelters', 'title': 'Animal Shelters'}, {'alias': 'petadoption', 'title': 'Pet Adoption'}, {'alias': 'nonprofit', 'title': 'Community Service/Non-Profit'}]",1,1.0,"['822 Yellow Brick Rd', 'Chaska, MN 55318']",55318,Chaska,"{'latitude': 44.7920285, 'longitude': -93.599138}",(952) 368-3553,[]
1948,Parkview Cat Clinic,"[{'alias': 'vet', 'title': 'Veterinarians'}]",10,4.5,"['5743 Blaine Ave E', 'Inver Grove Heights, MN 55076']",55076,Inver Grove Heights,"{'latitude': 44.865885, 'longitude': -93.0559321}",(651) 552-0848,[]
1949,Shih Tzu Rescue Of Minnesota,"[{'alias': 'animalshelters', 'title': 'Animal Shelters'}]",1,1.0,"['Eden Prairie, MN 55344']",55344,Eden Prairie,"{'latitude': 44.85118, 'longitude': -93.4252}",(612) 290-7353,[]
1950,No Dog Left Behind Rescue,"[{'alias': 'nonprofit', 'title': 'Community Service/Non-Profit'}, {'alias': 'animalshelters', 'title': 'Animal Shelters'}]",3,3.5,"['Brooklyn Center, MN 55429']",55429,Brooklyn Center,"{'latitude': 45.0729293823242, 'longitude': -93.353630065918}",(612) 354-6352,[]
1951,Crossroads Animal Shelter,"[{'alias': 'animalshelters', 'title': 'Animal Shelters'}, {'alias': 'petstore', 'title': 'Pet Stores'}]",3,2.5,"['2800 10th St SE', 'Buffalo, MN 55313']",55313,Buffalo,"{'latitude': 45.13862, 'longitude': -93.8315}",(763) 684-1234,[]
1952,Wags Professional Pet Services,"[{'alias': 'dogwalkers', 'title': 'Dog Walkers'}, {'alias': 'pet_sitting', 'title': 'Pet Sitting'}, {'alias': 'pethospice', 'title': 'Pet Hospice'}]",6,4.5,"['300 E 4th St', 'Saint Paul, MN 55101']",55101,Saint Paul,"{'latitude': 44.9489669799805, 'longitude': -93.0845336914062}",(612) 310-5298,[]
1953,Mission Animal Hospital,"[{'alias': 'vet', 'title': 'Veterinarians'}]",64,3.5,"['10100 Viking Dr', 'Ste 150', 'Eden Prairie, MN 55344']",55344,Eden Prairie,"{'latitude': 44.860269, 'longitude': -93.405155}",(952) 938-1237,[]
1954,Chuck & Don's Pet Food & Supplies,"[{'alias': 'petstore', 'title': 'Pet Stores'}]",9,5.0,"['1254 Town Center Dr', 'Eagan, MN 55123']",55123,Eagan,"{'latitude': 44.831821, 'longitude': -93.157251}",(651) 454-3458,[]
1955,Get Real Dog Training,"[{'alias': 'pet_training', 'title': 'Pet Training'}]",3,5.0,"['Oakdale, MN 55107']",55107,Oakdale,"{'latitude': 44.9713989, 'longitude': -92.9560712}",(612) 440-5773,[]
1956,Bass Lake Pet Hospital,"[{'alias': 'vet', 'title': 'Veterinarians'}]",17,4.5,"['8119 Bass Lake Rd', 'Minneapolis, MN 55428']",55428,Minneapolis,"{'latitude': 45.0562096, 'longitude': -93.3842468}",(763) 535-4250,[]
1957,Fun City Dogs,"[{'alias': 'pet_sitting', 'title': 'Pet Sitting'}, {'alias': 'groomer', 'title': 'Pet Groomers'}]",28,4.0,"['2200 E 25th St', 'Minneapolis, MN 55404']",55404,Minneapolis,"{'latitude': 44.957681, 'longitude': -93.240513}",(612) 722-3647,[]
1958,Rescue Crew,"[{'alias': 'animalshelters', 'title': 'Animal Shelters'}]",2,1.0,"['3500 Vicksburg Ln N', 'Ste 220', 'Plymouth, MN 55447']",55447,Plymouth,"{'latitude': 45.0203621145372, 'longitude': -93.4801682051626}",(612) 299-2001,[]
1959,Preferred Pet Sitter,"[{'alias': 'dogwalkers', 'title': 'Dog Walkers'}, {'alias': 'pet_sitting', 'title': 'Pet Sitting'}]",5,5.0,"['13100 Natchez Ave', 'Savage, MN 55378']",55378,Savage,"{'latitude': 44.7665647, 'longitude': -93.3386232}",(952) 212-1673,[]
1960,Wildlife Rehabilitation Center,"[{'alias': 'animalshelters', 'title': 'Animal Shelters'}]",9,5.0,"['2530 Dale St N', 'Saint Paul, MN 55113']",55113,Saint Paul,"{'latitude': 45.0170097351074, 'longitude': -93.1231079101562}",(651) 486-9453,[]
1961,Walk for Animals,"[{'alias': 'animalshelters', 'title': 'Animal Shelters'}]",4,4.0,"['845 Meadow Ln N', 'Minneapolis, MN 55422']",55422,Minneapolis,"{'latitude': 44.987262, 'longitude': -93.329345}",(763) 522-4325,[]
1962,Chuck & Don's Pet Food & Supplies,"[{'alias': 'petstore', 'title': 'Pet Stores'}]",11,4.5,"['265 Radio Dr', 'Ste G', 'Woodbury, MN 55125']",55125,Woodbury,"{'latitude': 44.943691, 'longitude': -92.931945}",(651) 209-1757,[]
1963,Chuck & Don's Pet Food & Supplies,"[{'alias': 'petstore', 'title': 'Pet Stores'}]",2,4.0,"['4255 Pheasant Ridge Dr', 'Unit 304', 'Blaine, MN 55449']",55449,Blaine,"{'latitude': 45.164016, 'longitude': -93.161773}",(763) 253-4138,[]
1964,Heading Home K9 Rescue,"[{'alias': 'petadoption', 'title': 'Pet Adoption'}]",10,3.0,"['Minneapolis, MN 55401']",55401,Minneapolis,"{'latitude': 44.98329162597656, 'longitude': -93.27059173583984}",,[]
1965,PetScape Grooming,"[{'alias': 'groomer', 'title': 'Pet Groomers'}]",10,4.5,"['2500 New Brighton Blvd', 'Ste 107', 'Saint Anthony, MN 55418']",55418,Saint Anthony,"{'latitude': 45.0135262, 'longitude': -93.2202014}",(612) 275-2566,[]
1966,The Piggy Place,"[{'alias': 'animalshelters', 'title': 'Animal Shelters'}]",1,1.0,"['Minneapolis, MN 55443']",55443,Minneapolis,"{'latitude': 45.1241752007386, 'longitude': -93.3358665672119}",,[]
1967,Minnesota Pit Bull Rescue,"[{'alias': 'animalshelters', 'title': 'Animal Shelters'}]",3,3.5,"['St Paul, MN 55101']",55101,St Paul,"{'latitude': 44.95126, 'longitude': -93.09107}",,[]
1968,Urban Paw Sitters,"[{'alias': 'dogwalkers', 'title': 'Dog Walkers'}, {'alias': 'pet_sitting', 'title': 'Pet Sitting'}]",1,5.0,"['Torrance, CA 90504']",90504,Torrance,"{'latitude': 33.8673266, 'longitude': -118.3286614}",(612) 234-2192,[]
1969,"David A Garlie, MD","[{'alias': 'vet', 'title': 'Veterinarians'}, {'alias': 'pet_sitting', 'title': 'Pet Sitting'}]",1,1.0,"['Northfield, MN 55057']",55057,Northfield,"{'latitude': 44.45724, 'longitude': -93.16725}",,[]
1970,Upper Midwest Great Dane Rescue,"[{'alias': 'animalshelters', 'title': 'Animal Shelters'}]",3,2.5,"['Brooklyn Park', 'Minneapolis, MN 55443']",55443,Minneapolis,"{'latitude': 45.1243266, 'longitude': -93.3337208}",(763) 210-1978,[]
1971,"Albergue de animales ""En busca de un hogar""","[{'alias': 'animalshelters', 'title': 'Animal Shelters'}]",2,4.0,"['La Morena 1012, esq. Xochicalco', 'Narvarte', '03020 México, D.F.', 'Mexico']",03020,"México, D.F.","{'latitude': 19.3981994, 'longitude': -99.1532207}",+52 55 5235 0102,[]
1972,A Dog Company,"[{'alias': 'pet_training', 'title': 'Pet Training'}, {'alias': 'animalshelters', 'title': 'Animal Shelters'}, {'alias': 'vet', 'title': 'Veterinarians'}]",1,4.0,"['Av. Coyoacán 896', 'Col. del Valle', '03100 México, D.F.', 'Mexico']",03100,"México, D.F.","{'latitude': 19.3837625118588, 'longitude': -99.1678591445088}",+52 55 5575 0816,[]
1973,Granja Las Américas,"[{'alias': 'animalshelters', 'title': 'Animal Shelters'}]",2,4.0,"['Blvd. Pípila S/N', 'Col. Lomas de Sotelo', '11000 México, D.F.', 'Mexico']",11000,"México, D.F.","{'latitude': 19.4306575, 'longitude': -99.2083953}",+52 55 2629 5600,[]
1974,El Pabellón de los Gatos,"[{'alias': 'animalshelters', 'title': 'Animal Shelters'}, {'alias': 'hospitals', 'title': 'Hospitals'}]",2,2.5,"['Ejercito Nacional 613', 'Col. Granada', '11520 México, D.F.', 'Mexico']",11520,"México, D.F.","{'latitude': 19.4380236, 'longitude': -99.1953446}",+52 55 5255 9600,[]
1975,Pintando Huellas,"[{'alias': 'animalshelters', 'title': 'Animal Shelters'}]",1,5.0,"['Pilares S/N', 'Col. del Valle', '03100 México, D.F.', 'Mexico']",03100,"México, D.F.","{'latitude': 19.3774952843018, 'longitude': -99.1626027020691}",+52 55 2323 4980,[]
1976,Toronto Animal Services East Shelter,"[{'alias': 'animalshelters', 'title': 'Animal Shelters'}]",7,4.5,"['821 Progress Avenue', 'Toronto, ON M1H 2X4', 'Canada']",M1H 2X4,Toronto,"{'latitude': 43.780617, 'longitude': -79.2413862}",+1 416-338-7539,[]
1977,Doggle Daycare,"[{'alias': 'pet_sitting', 'title': 'Pet Sitting'}, {'alias': 'groomer', 'title': 'Pet Groomers'}, {'alias': 'dogwalkers', 'title': 'Dog Walkers'}]",1,5.0,"['877 Wilson Avenue', 'Toronto, ON M3K 1E6', 'Canada']",M3K 1E6,Toronto,"{'latitude': 43.7306409316425, 'longitude': -79.4659360214264}",+1 905-334-2469,[]
1978,Pawz N'Style Pet Grooming,"[{'alias': 'groomer', 'title': 'Pet Groomers'}]",2,1.0,"['70 Doncaster Avenue', 'Thornhill, ON L3T 1L3', 'Canada']",L3T 1L3,Thornhill,"{'latitude': 43.8045028633459, 'longitude': -79.4157925045564}",+1 905-881-2547,[]
1979,Willowdale Animal Hospital,"[{'alias': 'vet', 'title': 'Veterinarians'}]",42,2.5,"['256 Sheppard Ave W', 'North York, ON M2N 1N3', 'Canada']",M2N 1N3,North York,"{'latitude': 43.758833, 'longitude': -79.423097}",+1 416-222-5409,[]
1980,PJ's Pet Centre,"[{'alias': 'petstore', 'title': 'Pet Stores'}]",10,2.0,"['2300 Yonge Street', 'Toronto, ON M4P 1E4', 'Canada']",M4P 1E4,Toronto,"{'latitude': 43.70716, 'longitude': -79.39904}",+1 416-484-7077,[]
1981,Care Pet Services,"[{'alias': 'pet_sitting', 'title': 'Pet Sitting'}, {'alias': 'groomer', 'title': 'Pet Groomers'}]",6,5.0,"['Toronto, ON M4B 1B3', 'Canada']",M4B 1B3,Toronto,"{'latitude': 43.6497070041641, 'longitude': -79.3842864765381}",+1 647-521-5272,[]
1982,Independence Animal Shelter,"[{'alias': 'animalshelters', 'title': 'Animal Shelters'}]",1,5.0,"['21001 E 78 Hwy', 'Independence, MO 64057']",64057,Independence,"{'latitude': 39.0845575, 'longitude': -94.33226333}",(816) 325-7207,[]
1983,Wayside Waifs,"[{'alias': 'petservices', 'title': 'Pet Services'}, {'alias': 'nonprofit', 'title': 'Community Service/Non-Profit'}]",39,4.0,"['3901 Martha Truman Rd', 'Kansas City, MO 64137']",64137,Kansas City,"{'latitude': 38.90958, 'longitude': -94.54657}",(816) 761-8151,[]
1984,Rescue K-911,"[{'alias': 'petadoption', 'title': 'Pet Adoption'}, {'alias': 'animalshelters', 'title': 'Animal Shelters'}, {'alias': 'nonprofit', 'title': 'Community Service/Non-Profit'}]",2,4.5,"['Shawnee, KS 66104']",66104,Shawnee,"{'latitude': 39.1322898864746, 'longitude': -94.6447296142578}",(913) 543-1364,[]
1985,Oak Grove Animal Clinic,"[{'alias': 'vet', 'title': 'Veterinarians'}]",7,3.0,"['1604 S Broadway', 'Oak Grove, MO 64075']",64075,Oak Grove,"{'latitude': 38.99925, 'longitude': -94.13026}",(816) 690-4131,[]
1986,KC Pet Project,"[{'alias': 'animalshelters', 'title': 'Animal Shelters'}, {'alias': 'petadoption', 'title': 'Pet Adoption'}]",36,3.5,"['7077 Elmwood Ave', 'Kansas City, MO 64132']",64132,Kansas City,"{'latitude': 38.997848, 'longitude': -94.5335015}",(816) 683-1364,[]
1987,Lucky 13 Rescue,"[{'alias': 'animalshelters', 'title': 'Animal Shelters'}, {'alias': 'nonprofit', 'title': 'Community Service/Non-Profit'}, {'alias': 'petadoption', 'title': 'Pet Adoption'}]",3,2.5,"['119 W Gregrory Blvd', 'Kansas city, MO 64114']",64114,Kansas city,"{'latitude': 38.9991317, 'longitude': -94.5912228}",(816) 313-8229,[]
1988,Midwest Animal ResQ,"[{'alias': 'animalshelters', 'title': 'Animal Shelters'}]",6,4.0,"['10312 E 63rd St', 'Raytown, MO 64133']",64133,Raytown,"{'latitude': 39.009003, 'longitude': -94.4590975}",(816) 919-1364,[]
1989,Hard Luck Hounds- Shelter of Grandview Animal Hosp,"[{'alias': 'animalshelters', 'title': 'Animal Shelters'}]",1,5.0,"['1006 Main St', 'Grandview, MO 64030']",64030,Grandview,"{'latitude': 38.8894363, 'longitude': -94.5333866}",(816) 761-5071,[]
1990,Gladstone Animal Clinic,"[{'alias': 'vet', 'title': 'Veterinarians'}, {'alias': 'groomer', 'title': 'Pet Groomers'}, {'alias': 'petboarding', 'title': 'Pet Boarding'}]",32,4.0,"['7027 N Oak Trfy', 'Kansas City, MO 64118']",64118,Kansas City,"{'latitude': 39.2232572, 'longitude': -94.5754314}",(816) 436-1100,[]
1991,Pam 4 Paws,"[{'alias': 'pet_training', 'title': 'Pet Training'}, {'alias': 'pet_sitting', 'title': 'Pet Sitting'}]",57,4.5,"['1220 Granada Dr', 'Raymore, MO 64083']",64083,Raymore,"{'latitude': 38.8154569, 'longitude': -94.4759756}",(949) 378-2118,[]
1992,The Collar Club,"[{'alias': 'petboarding', 'title': 'Pet Boarding'}, {'alias': 'groomer', 'title': 'Pet Groomers'}]",17,4.0,"['238 W 74th St', 'Kansas City, MO 64114']",64114,Kansas City,"{'latitude': 38.994325, 'longitude': -94.593463}",(816) 832-8285,[]
1993,Raytown Animal Hospital,"[{'alias': 'vet', 'title': 'Veterinarians'}]",10,4.0,"['10401 E 63rd St', 'Raytown, MO 64133']",64133,Raytown,"{'latitude': 39.0082473754883, 'longitude': -94.4584732055664}",(816) 353-3666,[]
1994,Three Trails Animal Hospital,"[{'alias': 'vet', 'title': 'Veterinarians'}, {'alias': 'groomer', 'title': 'Pet Groomers'}, {'alias': 'petboarding', 'title': 'Pet Boarding'}]",18,4.0,"['600 W 23rd St S', 'Independence, MO 64055']",64055,Independence,"{'latitude': 39.07985, 'longitude': -94.42355}",(816) 252-5105,[]
1995,Blue Valley Animal Hospital,"[{'alias': 'vet', 'title': 'Veterinarians'}, {'alias': 'groomer', 'title': 'Pet Groomers'}, {'alias': 'petboarding', 'title': 'Pet Boarding'}]",24,4.0,"['16200 Metcalf Ave', 'Overland Park, KS 66085']",66085,Overland Park,"{'latitude': 38.833536, 'longitude': -94.668216}",(913) 681-2818,[]
1996,Strothertowne Pet Hospital,"[{'alias': 'vet', 'title': 'Veterinarians'}]",12,4.5,"['651 SE Bailey Rd', ""Lee's Summit, MO 64081""]",64081,Lee's Summit,"{'latitude': 38.895327, 'longitude': -94.356898}",(816) 524-7200,[]
1997,Animal Clinic of Newmark,"[{'alias': 'vet', 'title': 'Veterinarians'}, {'alias': 'groomer', 'title': 'Pet Groomers'}]",7,5.0,"['550 NE New Mark Dr', 'Kansas City, MO 64155']",64155,Kansas City,"{'latitude': 39.2778053283691, 'longitude': -94.5725631713867}",(816) 734-0700,[]
1998,Animal Medical Center,"[{'alias': 'vet', 'title': 'Veterinarians'}]",21,4.0,"['204 W 75th St', 'Kansas City, MO 64114']",64114,Kansas City,"{'latitude': 38.99254, 'longitude': -94.5921}",(816) 333-9000,[]
2005,Lawrence County Humane Society,"[{'alias': 'animalshelters', 'title': 'Animal Shelters'}]",1,5.0,"['Lawrenceburg, TN 38464']",38464,Lawrenceburg,"{'latitude': 35.28319, 'longitude': -87.39877}",(931) 242-0203,[]
2006,Giles County Animal Shelter,"[{'alias': 'animalshelters', 'title': 'Animal Shelters'}]",1,3.0,"['380 Bennett Dr', 'Pulaski, TN 38478']",38478,Pulaski,"{'latitude': 35.212645, 'longitude': -87.054807}",(931) 363-2300,[]
2007,Ark Inc Shelter,"[{'alias': 'animalshelters', 'title': 'Animal Shelters'}, {'alias': 'petstore', 'title': 'Pet Stores'}]",2,3.0,"['139 Bo Cole Rd NW', 'Huntsville, AL 35806']",35806,Huntsville,"{'latitude': 34.775631, 'longitude': -86.6644211}",(256) 851-4088,[]
2008,Animal Care Center - Carters Creek,"[{'alias': 'vet', 'title': 'Veterinarians'}, {'alias': 'petboarding', 'title': 'Pet Boarding'}, {'alias': 'groomer', 'title': 'Pet Groomers'}]",8,3.5,"['2690 Spring Meade Blvd', 'Columbia, TN 38401']",38401,Columbia,"{'latitude': 35.7126499, 'longitude': -86.97472}",(931) 489-9333,[]
2009,Happy Retales,"[{'alias': 'petstore', 'title': 'Pet Stores'}, {'alias': 'groomer', 'title': 'Pet Groomers'}]",43,4.5,"['101 Creekside Xing', 'Ste 900', 'Brentwood, TN 37027']",37027,Brentwood,"{'latitude': 36.0369114, 'longitude': -86.7988293}",(615) 309-1835,[]
2010,The Elephant Sanctuary,"[{'alias': 'animalshelters', 'title': 'Animal Shelters'}, {'alias': 'giftshops', 'title': 'Gift Shops'}]",3,4.5,"['27 East Main St', 'Hohenwald, TN 38462']",38462,Hohenwald,"{'latitude': 35.5481644, 'longitude': -87.5514443}",(931) 796-6500,[]
2011,Allegiant Canine Training,"[{'alias': 'pet_training', 'title': 'Pet Training'}]",1,5.0,"['Columbia, TN 38401']",38401,Columbia,"{'latitude': 35.60867, 'longitude': -87.03569}",(615) 821-8100,[]
2012,All American Dachshund Review,"[{'alias': 'animalshelters', 'title': 'Animal Shelters'}]",14,2.5,"['2150 Hwy 64', 'Lewisburg, TN 37091']",37091,Lewisburg,"{'latitude': 35.503237, 'longitude': -86.703264}",,[]
2018,Homeward Bound Dog Rescue,"[{'alias': 'animalshelters', 'title': 'Animal Shelters'}, {'alias': 'petadoption', 'title': 'Pet Adoption'}, {'alias': 'nonprofit', 'title': 'Community Service/Non-Profit'}]",21,2.5,"['202 Front St', 'Schenectady, NY 12305']",12305,Schenectady,"{'latitude': 42.819446, 'longitude': -73.941229}",(518) 424-1738,[]
2020,Paws Unlimited,"[{'alias': 'animalshelters', 'title': 'Animal Shelters'}, {'alias': 'petstore', 'title': 'Pet Stores'}]",4,5.0,"['637 Murray Rd', 'Kingston, NY 12401']",12401,Kingston,"{'latitude': 41.99407, 'longitude': -74.0126499}",(845) 336-7297,[]
2026,Heaven Sent Animal Rescue,"[{'alias': 'animalshelters', 'title': 'Animal Shelters'}]",11,1.5,"['Schenectady, NY 12325']",12325,Schenectady,"{'latitude': 42.8122482299805, 'longitude': -73.9410171508789}",(518) 522-0668,[]
2028,Ulster County SPCA,"[{'alias': 'animalshelters', 'title': 'Animal Shelters'}, {'alias': 'petadoption', 'title': 'Pet Adoption'}, {'alias': 'nonprofit', 'title': 'Community Service/Non-Profit'}]",13,3.5,"['20 Wiedy Rd', 'Kingston, NY 12401']",12401,Kingston,"{'latitude': 41.940491, 'longitude': -74.020222}",(845) 331-5377,[]
2030,Catskill Animal Sanctuary,"[{'alias': 'animalshelters', 'title': 'Animal Shelters'}]",37,4.5,"['316 Old Stage Rd', 'Saugerties, NY 12477']",12477,Saugerties,"{'latitude': 42.019079, 'longitude': -73.970878}",(845) 336-8447,[]
2035,Saratoga County Animal Shelter,"[{'alias': 'animalshelters', 'title': 'Animal Shelters'}]",2,3.0,"['6010 County Farm Rd', 'Ballston Spa, NY 12020']",12020,Ballston Spa,"{'latitude': 43.0204342537967, 'longitude': -73.8722996075397}",(518) 885-4113,[]
2038,Saugerties Animal Shelter,"[{'alias': 'animalshelters', 'title': 'Animal Shelters'}, {'alias': 'petadoption', 'title': 'Pet Adoption'}]",2,3.0,"['1765 NY-212', 'Saugerties, NY 12477']",12477,Saugerties,"{'latitude': 42.04093, 'longitude': -74.07429}",(845) 679-0339,[]
2045,Everything Pets,"[{'alias': 'petstore', 'title': 'Pet Stores'}]",7,2.0,"['1417 Central Ave', 'Albany, NY 12205']",12205,Albany,"{'latitude': 42.7109403912262, 'longitude': -73.8146710395813}",,[]
2046,Everything Pets and Supplies,"[{'alias': 'petstore', 'title': 'Pet Stores'}]",11,3.0,"['1506 Altamont Ave', 'Rotterdam, NY 12303']",12303,Rotterdam,"{'latitude': 42.7845309, 'longitude': -73.9456167}",(518) 355-2488,[]
2138,Estherville the Animal Shelter,"[{'alias': 'animalshelters', 'title': 'Animal Shelters'}, {'alias': 'petstore', 'title': 'Pet Stores'}]",2,5.0,"['100 Russell Rd', 'Greenfield Center, NY 12833']",12833,Greenfield Center,"{'latitude': 43.12073, 'longitude': -73.87697}",(518) 893-7451,[]
2162,Pawsafe Animal Rescue,"[{'alias': 'animalshelters', 'title': 'Animal Shelters'}, {'alias': 'petadoption', 'title': 'Pet Adoption'}]",22,4.0,"['311 Route 292', 'Patterson, NY 12563']",12563,Patterson,"{'latitude': 41.5122897, 'longitude': -73.6161038}",,[]
2163,Dutchess County SPCA,"[{'alias': 'animalshelters', 'title': 'Animal Shelters'}, {'alias': 'petadoption', 'title': 'Pet Adoption'}]",8,4.5,"['636 Violet Ave', 'Hyde Park, NY 12538']",12538,Hyde Park,"{'latitude': 41.7561279928757, 'longitude': -73.9086265992279}",(845) 452-7722,[]
2169,Hudson Valley Animal Rescue and Sanctuary,"[{'alias': 'animalshelters', 'title': 'Animal Shelters'}]",19,3.5,"['15 Barnes Dr', 'Poughkeepsie, NY 12603']",12603,Poughkeepsie,"{'latitude': 41.70956, 'longitude': -73.8712}",(845) 392-4849,[]
2172,Shepherd's View Animal Sanctuary,"[{'alias': 'animalshelters', 'title': 'Animal Shelters'}]",1,5.0,"['61 Torchia Rd', 'Cold Spring, NY 10516']",10516,Cold Spring,"{'latitude': 41.448745, 'longitude': -73.9120329}",(845) 661-3638,[]
2177,Happy Life Animal Rescue,"[{'alias': 'animalshelters', 'title': 'Animal Shelters'}]",6,3.5,"['Patterson, NY 12563']",12563,Patterson,"{'latitude': 41.51353, 'longitude': -73.60503}",(845) 216-4221,[]
2182,Animal Rescue Foundation,"[{'alias': 'animalshelters', 'title': 'Animal Shelters'}]",4,4.0,"['54 Simmons Ln', 'Beacon, NY 12508']",12508,Beacon,"{'latitude': 41.495716, 'longitude': -73.96705}",(845) 831-5161,[]
2204,Hudson Valley SPCA,"[{'alias': 'animalshelters', 'title': 'Animal Shelters'}]",9,3.0,"['940 Little Britain Rd', 'New Windsor, NY 12553']",12553,New Windsor,"{'latitude': 41.48722, 'longitude': -74.08502}",(845) 564-6810,[]
2206,Mid Hudson Animal Aid,"[{'alias': 'animalshelters', 'title': 'Animal Shelters'}]",5,4.0,"['54 Simmons Ln', 'Beacon, NY 12508']",12508,Beacon,"{'latitude': 41.495407, 'longitude': -73.966675}",(845) 831-4321,[]
2253,DSPCA Thrift Shoppe,"[{'alias': 'thrift_stores', 'title': 'Thrift Stores'}, {'alias': 'animalshelters', 'title': 'Animal Shelters'}, {'alias': 'vintage', 'title': 'Used, Vintage & Consignment'}]",5,5.0,"['12-600 Violet Ave', 'Hyde Park, NY 12538']",12538,Hyde Park,"{'latitude': 41.75332, 'longitude': -73.90768}",(845) 240-1368,[]
2426,The Pet Zone,"[{'alias': 'petstore', 'title': 'Pet Stores'}]",16,1.5,"['2001 S Rd', 'Poughkeepsie, NY 12601']",12601,Poughkeepsie,"{'latitude': 41.6995280937341, 'longitude': -73.9274757565918}",(845) 298-7387,[]
2768,The Lucky Puppy Rescue,"[{'alias': 'petadoption', 'title': 'Pet Adoption'}, {'alias': 'animalshelters', 'title': 'Animal Shelters'}]",1,5.0,"['511 Pleasant Valley Rd', 'Argyle, NY 12809']",12809,Argyle,"{'latitude': 43.24091496480316, 'longitude': -73.515654}",(518) 638-7290,[]
2779,Adirondack Save-a-Stray,"[{'alias': 'animalshelters', 'title': 'Animal Shelters'}, {'alias': 'petadoption', 'title': 'Pet Adoption'}, {'alias': 'nonprofit', 'title': 'Community Service/Non-Profit'}]",28,2.0,"['4880 Route 9N', 'Corinth, NY 12822']",12822,Corinth,"{'latitude': 43.236642103573246, 'longitude': -73.84312658479952}",(518) 654-6220,[]
2830,Woodstock Farm Sanctuary,"[{'alias': 'animalshelters', 'title': 'Animal Shelters'}]",56,4.5,"['2 Rescue Rd', 'High Falls, NY 12440']",12440,High Falls,"{'latitude': 41.8095526, 'longitude': -74.1684279}",(845) 247-5700,[]
2846,National Great Pyrenees Rescue,"[{'alias': 'animalshelters', 'title': 'Animal Shelters'}]",5,1.5,"['Maplecrest, NY 12454']",12454,Maplecrest,"{'latitude': 42.2759192, 'longitude': -74.1868074}",(877) 372-3273,[]
3057,Humane Society of Walden,"[{'alias': 'animalshelters', 'title': 'Animal Shelters'}, {'alias': 'petadoption', 'title': 'Pet Adoption'}, {'alias': 'petcremation', 'title': 'Pet Cremation Services'}]",3,3.0,"['2489 Albany Post Rd', 'Walden, NY 12586']",12586,Walden,"{'latitude': 41.5660285, 'longitude': -74.2254199}",(845) 778-5115,[]
3387,Friends of Parkville Animal Shelter,"[{'alias': 'animalshelters', 'title': 'Animal Shelters'}, {'alias': 'petstore', 'title': 'Pet Stores'}]",3,3.5,"['1356 N State Route 9', 'Kansas City, MO 64152']",64152,Kansas City,"{'latitude': 39.201371, 'longitude': -94.68303}",(816) 587-0918,[]
3390,Dogs by Debin,"[{'alias': 'animalshelters', 'title': 'Animal Shelters'}, {'alias': 'petadoption', 'title': 'Pet Adoption'}]",11,4.5,"['2312 NW 108th St', 'Kansas City, MO 64154']",64154,Kansas City,"{'latitude': 39.288137, 'longitude': -94.61025}",(816) 298-9997,[]
3391,Humane Society of Greater Kansas City,"[{'alias': 'animalshelters', 'title': 'Animal Shelters'}]",11,4.0,"['5445 Parallel Pkwy', 'Kansas City, MO 64108']",64108,Kansas City,"{'latitude': 39.12755, 'longitude': -94.70414}",(913) 596-1000,[]
3393,Second Chance Pet Adoptions,"[{'alias': 'animalshelters', 'title': 'Animal Shelters'}, {'alias': 'petadoption', 'title': 'Pet Adoption'}]",1,5.0,"['Shawnee, KS 66203']",66203,Shawnee,"{'latitude': 39.0211334228516, 'longitude': -94.7058868408203}",(913) 814-7471,[]
3395,Animal Control-Shelter of Kansas City Ks,"[{'alias': 'animalshelters', 'title': 'Animal Shelters'}, {'alias': 'petstore', 'title': 'Pet Stores'}]",3,2.0,"['3301 Park Dr', 'Kansas City, KS 66102']",66102,Kansas City,"{'latitude': 39.103412, 'longitude': -94.667714}",(913) 321-1445,[]
3397,KC Pet Project - Zona Rosa,"[{'alias': 'animalshelters', 'title': 'Animal Shelters'}]",1,5.0,"['8721 N Stoddard Ave', 'Kansas City, MO 64153']",64153,Kansas City,"{'latitude': 39.252236817631875, 'longitude': -94.6647741}",(816) 587-0224,[]
3400,Unleashed Pet Rescue,"[{'alias': 'animalshelters', 'title': 'Animal Shelters'}]",91,2.5,"['5918 Broadmoor', 'Mission, KS 66202']",66202,Mission,"{'latitude': 39.021574, 'longitude': -94.6657866}",(913) 831-7387,[]
3401,Great Plains SPCA,"[{'alias': 'animalshelters', 'title': 'Animal Shelters'}, {'alias': 'nonprofit', 'title': 'Community Service/Non-Profit'}, {'alias': 'petadoption', 'title': 'Pet Adoption'}]",33,3.0,"['5424 Antioch Dr', 'Merriam, KS 66202']",66202,Merriam,"{'latitude': 39.0305227, 'longitude': -94.6881958}",(913) 831-7722,[]
3403,Purrfect Pets,"[{'alias': 'nonprofit', 'title': 'Community Service/Non-Profit'}, {'alias': 'petadoption', 'title': 'Pet Adoption'}]",15,2.0,"['11425 W 95th St', 'Overland Park, KS 66214']",66214,Overland Park,"{'latitude': 38.9550053, 'longitude': -94.7136738}",(913) 652-6677,[]
3406,Melissa's Menagerie's Second Chances,"[{'alias': 'petadoption', 'title': 'Pet Adoption'}, {'alias': 'nonprofit', 'title': 'Community Service/Non-Profit'}]",5,3.5,"['11015 W 75th St', 'Shawnee, KS 66214']",66214,Shawnee,"{'latitude': 38.99247, 'longitude': -94.71353}",(913) 364-1822,[]
3407,State Line Animal Hospital,"[{'alias': 'vet', 'title': 'Veterinarians'}]",11,5.0,"['2009 W 104th St', 'Leawood, KS 66206']",66206,Leawood,"{'latitude': 38.93845, 'longitude': -94.6106}",(913) 381-3272,[]
3410,Woof's Play and Stay,"[{'alias': 'pet_sitting', 'title': 'Pet Sitting'}, {'alias': 'groomer', 'title': 'Pet Groomers'}]",42,4.5,"['6465 E Frontage Rd', 'Mission, KS 66202']",66202,Mission,"{'latitude': 39.0116882324219, 'longitude': -94.692253112793}",(913) 403-9663,[]
3412,Kathy's Klippery,"[{'alias': 'groomer', 'title': 'Pet Groomers'}]",3,3.5,"['10220 Baker Rd', 'Platte City, MO 64079']",64079,Platte City,"{'latitude': 39.27866, 'longitude': -94.79944}",(816) 330-4111,[]
3414,Mission Pet Mart,"[{'alias': 'pet_sitting', 'title': 'Pet Sitting'}, {'alias': 'pet_training', 'title': 'Pet Training'}, {'alias': 'groomer', 'title': 'Pet Groomers'}]",37,2.5,"['6900 Martway St', 'Mission, KS 66202']",66202,Mission,"{'latitude': 39.02076, 'longitude': -94.66607}",(913) 236-7387,[]
3736,North Shore Animal League America - Adirondack Region Cat Adopti,"[{'alias': 'petadoption', 'title': 'Pet Adoption'}, {'alias': 'animalshelters', 'title': 'Animal Shelters'}]",3,5.0,"['115 Maple St', 'Glens Falls, NY 12801']",12801,Glens Falls,"{'latitude': 43.31116, 'longitude': -73.64187}",(518) 409-8105,[]
3743,Springfield Humane Soc,"[{'alias': 'animalshelters', 'title': 'Animal Shelters'}, {'alias': 'petstore', 'title': 'Pet Stores'}]",3,2.5,"['401 Skitchewaug Trl', 'Springfield, VT 05156']",05156,Springfield,"{'latitude': 43.2939074, 'longitude': -72.4492229}",(802) 885-3997,[]
3753,GFK9,"[{'alias': 'pet_sitting', 'title': 'Pet Sitting'}, {'alias': 'groomer', 'title': 'Pet Groomers'}, {'alias': 'pet_training', 'title': 'Pet Training'}]",7,2.5,"['121 Warren St', 'Glens Falls, NY 12801']",12801,Glens Falls,"{'latitude': 43.30982, 'longitude': -73.63784}",(518) 250-6959,[]
3896,Pope Memorial SPCA,"[{'alias': 'animalshelters', 'title': 'Animal Shelters'}]",4,4.0,"['94 Silk Farm Rd', 'Concord, NH 03301']",03301,Concord,"{'latitude': 43.17843, 'longitude': -71.57118}",(603) 856-8756,[]
3909,Canine Commitment of New England,"[{'alias': 'animalshelters', 'title': 'Animal Shelters'}]",2,2.5,"['Manchester, NH 03102']",03102,Manchester,"{'latitude': 43.0045738220215, 'longitude': -71.4874877929688}",(603) 361-4350,[]
3917,Homes For Happy Dogs,"[{'alias': 'petadoption', 'title': 'Pet Adoption'}, {'alias': 'animalshelters', 'title': 'Animal Shelters'}, {'alias': 'pet_sitting', 'title': 'Pet Sitting'}]",4,1.5,"['109 Dover St', 'Chichester, NH 03258']",03258,Chichester,"{'latitude': 43.2414009422064, 'longitude': -71.3988704234362}",(603) 961-0234,[]
3924,Family Pet & Aquarium of Nashua,"[{'alias': 'petstore', 'title': 'Pet Stores'}, {'alias': 'aquariumservices', 'title': 'Aquarium Services'}]",19,2.0,"['379 Amherst St', 'Nashua, NH 03063']",03063,Nashua,"{'latitude': 42.784668, 'longitude': -71.5078888}",(603) 880-5464,[]
3925,Pet World,"[{'alias': 'petstore', 'title': 'Pet Stores'}]",61,3.5,"['1262 Worcester St Rte 9', 'Natick, MA 01760']",01760,Natick,"{'latitude': 42.298817, 'longitude': -71.381049}",(508) 653-9221,[]
3927,Friends of Rosebud Dog Services,"[{'alias': 'dogwalkers', 'title': 'Dog Walkers'}, {'alias': 'pet_sitting', 'title': 'Pet Sitting'}]",9,5.0,"['Sudbury, MA 02118']",02118,Sudbury,"{'latitude': 42.35351259999999, 'longitude': -71.08070000000001}",(508) 733-0108,[]
3929,Top Dog Pet Sitting & Dog Walking,"[{'alias': 'pet_sitting', 'title': 'Pet Sitting'}, {'alias': 'dogwalkers', 'title': 'Dog Walkers'}]",15,4.5,"['7 Harvey Rd', 'Londonderry, NH 03053']",03053,Londonderry,"{'latitude': 42.8997584, 'longitude': -71.4150762}",(603) 553-4243,[]
3932,Cassetta Critter Care,"[{'alias': 'pet_training', 'title': 'Pet Training'}, {'alias': 'dogwalkers', 'title': 'Dog Walkers'}, {'alias': 'pet_sitting', 'title': 'Pet Sitting'}]",1,5.0,"['28 Trap Rd', 'Chichester, NH 03258']",03258,Chichester,"{'latitude': 43.24807, 'longitude': -71.44589}",(603) 798-5033,[]
4052,New Hampshire Spaying and Altering Service,"[{'alias': 'animalshelters', 'title': 'Animal Shelters'}, {'alias': 'petstore', 'title': 'Pet Stores'}]",1,1.0,"['8 Hutchins St', 'Concord, NH 03301']",03301,Concord,"{'latitude': 43.24459, 'longitude': -71.57222}",(603) 224-1361,[]
4084,Creatures Creatures Creatures,"[{'alias': 'petstore', 'title': 'Pet Stores'}]",9,2.0,"['1435 Victory Hwy', 'North Smithfield, RI 02896']",02896,North Smithfield,"{'latitude': 41.9945702, 'longitude': -71.5986179}",(401) 767-3618,[]
4131,PAWS New England,"[{'alias': 'animalshelters', 'title': 'Animal Shelters'}]",6,4.5,"['Haverhill, MA 01832']",01832,Haverhill,"{'latitude': 42.77407, 'longitude': -71.09182}",(617) 620-9144,[]
4132,Neponset Valley Humane Society,"[{'alias': 'animalshelters', 'title': 'Animal Shelters'}, {'alias': 'petstore', 'title': 'Pet Stores'}]",1,5.0,"['Norwood, MA 02062']",02062,Norwood,"{'latitude': 42.18722, 'longitude': -71.2029}",(781) 769-1990,[]
4141,Animal Rescue League of Boston,"[{'alias': 'animalshelters', 'title': 'Animal Shelters'}, {'alias': 'pet_training', 'title': 'Pet Training'}]",9,4.5,"['55 Annas Pl', 'Dedham, MA 02026']",02026,Dedham,"{'latitude': 42.26552385478447, 'longitude': -71.18520766441874}",(781) 326-0729,[]
4145,Great Dog Rescue New England,"[{'alias': 'petadoption', 'title': 'Pet Adoption'}]",39,3.0,"['9 Bartlet St', 'Ste 316', 'Andover, MA 01810']",01810,Andover,"{'latitude': 42.6565348, 'longitude': -71.1387122}",(978) 470-3383,[]
4148,Salem Animal Rescue League,"[{'alias': 'animalshelters', 'title': 'Animal Shelters'}, {'alias': 'nonprofit', 'title': 'Community Service/Non-Profit'}]",11,3.5,"['4 Sarl Dr', 'Salem, NH 03079']",03079,Salem,"{'latitude': 42.7522035, 'longitude': -71.2097071}",(603) 893-3210,[]
4149,Calling All Paws,"[{'alias': 'dogwalkers', 'title': 'Dog Walkers'}, {'alias': 'pet_sitting', 'title': 'Pet Sitting'}, {'alias': 'pethospice', 'title': 'Pet Hospice'}]",31,5.0,"['222 Blue Hill Ave', 'Milton, MA 02186']",02186,Milton,"{'latitude': 42.257692, 'longitude': -71.097886}",(617) 308-9110,[]
4150,Lots of Love Cat Rescue,"[{'alias': 'animalshelters', 'title': 'Animal Shelters'}]",3,3.5,"['Wilmington, MA 01887']",01887,Wilmington,"{'latitude': 42.548, 'longitude': -71.16723}",(781) 850-6684,[]
4152,Legacy Rescue,"[{'alias': 'animalshelters', 'title': 'Animal Shelters'}, {'alias': 'petadoption', 'title': 'Pet Adoption'}]",4,2.0,"['Arlington, MA 02474']",02474,Arlington,"{'latitude': 42.4204254150391, 'longitude': -71.1566619873047}",(781) 646-2222,[]
4156,Mary's Dogs Rescue & Adoption,"[{'alias': 'petadoption', 'title': 'Pet Adoption'}]",34,4.0,"['984 First Nh Turnpike', 'Northwood, NH 03261']",03261,Northwood,"{'latitude': 43.2204327, 'longitude': -71.2179767}",(603) 608-3374,[]
4159,Shultz's Guest House,"[{'alias': 'petadoption', 'title': 'Pet Adoption'}, {'alias': 'animalshelters', 'title': 'Animal Shelters'}]",9,2.5,"['Dedham, MA 02026']",02026,Dedham,"{'latitude': 42.2486, 'longitude': -71.15509}",(781) 690-5610,[]
4161,City of Boston Animal Control and Adoption Center,"[{'alias': 'animalshelters', 'title': 'Animal Shelters'}]",8,3.0,"['26 Mahler Rd', 'Roslindale, MA 02131']",02131,Roslindale,"{'latitude': 42.2942428588867, 'longitude': -71.1214065551758}",(617) 635-1800,[]
4167,MSPCA Angell,"[{'alias': 'vet', 'title': 'Veterinarians'}, {'alias': 'animalshelters', 'title': 'Animal Shelters'}, {'alias': 'petadoption', 'title': 'Pet Adoption'}]",585,3.5,"['350 S Huntington Ave', 'Boston, MA 02130']",02130,Boston,"{'latitude': 42.323087, 'longitude': -71.111216}",(617) 522-7400,[]
4168,Pick of the Litter,"[{'alias': 'petservices', 'title': 'Pet Services'}, {'alias': 'petstore', 'title': 'Pet Stores'}]",45,1.5,"['375 S Broadway', 'Salem, NH 03079']",03079,Salem,"{'latitude': 42.751279, 'longitude': -71.20525}",(603) 952-4520,[]
4169,Ellen M Gifford Cat Shelter,"[{'alias': 'animalshelters', 'title': 'Animal Shelters'}, {'alias': 'nonprofit', 'title': 'Community Service/Non-Profit'}]",47,4.5,"['30 Undine Rd', 'Brighton, MA 02135']",02135,Brighton,"{'latitude': 42.34165, 'longitude': -71.16762}",(617) 787-8872,[]
4177,Animal Rescue Merrimack Valley,"[{'alias': 'animalshelters', 'title': 'Animal Shelters'}]",1,5.0,"['Ste 01835', 'Bradford, MA 01835']",01835,Bradford,"{'latitude': 42.7706909179688, 'longitude': -71.0755081176758}",(978) 374-7233,[]
4180,One Tail at a Time,"[{'alias': 'animalshelters', 'title': 'Animal Shelters'}]",10,4.5,"['Haverhill, MA 01835']",01835,Haverhill,"{'latitude': 42.753547668457, 'longitude': -71.0868530273438}",,[]
4186,Animal Rescue League of Boston,"[{'alias': 'animalshelters', 'title': 'Animal Shelters'}]",95,4.0,"['10 Chandler St', 'Boston, MA 02116']",02116,Boston,"{'latitude': 42.3472206, 'longitude': -71.0700023}",(617) 426-9170,[]
4191,Animal Protection Center,"[{'alias': 'animalshelters', 'title': 'Animal Shelters'}]",11,4.5,"['1300 W Elm St', 'Brockton, MA 02301']",02301,Brockton,"{'latitude': 42.074834, 'longitude': -71.074386}",(508) 586-2053,[]
4199,Milton Animal League,"[{'alias': 'animalshelters', 'title': 'Animal Shelters'}]",6,4.0,"['181 Governor Stoughton Ln', 'Milton, MA 02186']",02186,Milton,"{'latitude': 42.2441252, 'longitude': -71.0890956}",(617) 698-0413,[]
4202,Melrose Humane Society,"[{'alias': 'petadoption', 'title': 'Pet Adoption'}]",22,2.5,"['Melrose, MA 02176']",02176,Melrose,"{'latitude': 42.45698, 'longitude': -71.06511}",(978) 774-8370,[]
4208,Black Cat Rescue,"[{'alias': 'animalshelters', 'title': 'Animal Shelters'}, {'alias': 'petadoption', 'title': 'Pet Adoption'}]",9,4.5,"['Somerville, MA 02145']",02145,Somerville,"{'latitude': 42.3919219970703, 'longitude': -71.089729309082}",,[]
4251,PetSmart,"[{'alias': 'groomer', 'title': 'Pet Groomers'}, {'alias': 'petstore', 'title': 'Pet Stores'}, {'alias': 'pet_training', 'title': 'Pet Training'}]",44,2.5,"['265 Chelmsford St', 'Chelmsford, MA 01824']",01824,Chelmsford,"{'latitude': 42.610048, 'longitude': -71.3336}",(978) 256-5056,[]
4253,Skipton Kennel,"[{'alias': 'groomer', 'title': 'Pet Groomers'}, {'alias': 'pet_sitting', 'title': 'Pet Sitting'}]",51,4.5,"['20 Linden St', 'Waltham, MA 02452']",02452,Waltham,"{'latitude': 42.37835, 'longitude': -71.2251}",(781) 899-2800,[]
4256,German Shepherd Rescue Of New England Inc,"[{'alias': 'animalshelters', 'title': 'Animal Shelters'}, {'alias': 'petservices', 'title': 'Pet Services'}]",3,2.5,"['Wayland, MA 01778']",01778,Wayland,"{'latitude': 42.3638713067662, 'longitude': -71.3616943359375}",(978) 443-2202,[]
4257,Feline Friends,"[{'alias': 'animalshelters', 'title': 'Animal Shelters'}]",4,3.0,"['Salem, NH 03079']",03079,Salem,"{'latitude': 42.78228, 'longitude': -71.2255}",(603) 893-2483,[]
4260,Discount Pet Supply,"[{'alias': 'petstore', 'title': 'Pet Stores'}]",10,2.0,"['419 S Broadway', 'Salem, NH 03079']",03079,Salem,"{'latitude': 42.748644, 'longitude': -71.202969}",(603) 893-7722,[]
4264,Tlc Pet Care,"[{'alias': 'dogwalkers', 'title': 'Dog Walkers'}, {'alias': 'pet_sitting', 'title': 'Pet Sitting'}]",3,5.0,"['Billerica, MA 01821']",01821,Billerica,"{'latitude': 42.55716, 'longitude': -71.26917}",(978) 663-2311,[]
4265,Petco,"[{'alias': 'groomer', 'title': 'Pet Groomers'}, {'alias': 'petstore', 'title': 'Pet Stores'}, {'alias': 'pet_training', 'title': 'Pet Training'}]",18,2.5,"['92 Cluff Crossing', 'Salem, NH 03079']",03079,Salem,"{'latitude': 42.7654, 'longitude': -71.2184}",(603) 890-6922,[]
4266,PetSmart,"[{'alias': 'petstore', 'title': 'Pet Stores'}, {'alias': 'groomer', 'title': 'Pet Groomers'}, {'alias': 'pet_training', 'title': 'Pet Training'}]",57,3.0,"['1 Worcester Rd', 'Framingham, MA 01701']",01701,Framingham,"{'latitude': 42.301166, 'longitude': -71.396305}",(508) 370-9612,[]
4268,Connell’s Dog Training,"[{'alias': 'pet_training', 'title': 'Pet Training'}, {'alias': 'dogwalkers', 'title': 'Dog Walkers'}]",1,4.0,"['Norwood, MA 02062']",02062,Norwood,"{'latitude': 42.18669891357422, 'longitude': -71.20301818847656}",(508) 219-1222,[]
4269,By Your Side Pet Behavior Consulting,"[{'alias': 'pet_training', 'title': 'Pet Training'}]",6,5.0,"['Dedham, MA 02026']",02026,Dedham,"{'latitude': 42.24507, 'longitude': -71.17761}",(617) 909-1083,[]
4301,Mansfield Animal Shelter,"[{'alias': 'animalshelters', 'title': 'Animal Shelters'}]",1,5.0,"['175 Fruit St', 'Mansfield, MA 02048']",02048,Mansfield,"{'latitude': 42.003542, 'longitude': -71.206207}",(508) 261-7339,[]
4332,Nevins Farm and Equine Centre,"[{'alias': 'animalshelters', 'title': 'Animal Shelters'}]",28,4.0,"['400 Broadway', 'Methuen, MA 01844']",01844,Methuen,"{'latitude': 42.73411, 'longitude': -71.19454}",(978) 687-7453,[]
4348,Tierschutzverein Pirna e.V.,"[{'alias': 'pet_sitting', 'title': 'Pet Sitting'}, {'alias': 'animalshelters', 'title': 'Animal Shelters'}]",1,5.0,"['Krietzschwitz 26', '01796 Pirna', 'Germany']",01796,Pirna,"{'latitude': 50.9288, 'longitude': 13.97159}",+49 3501 783292,[]
4349,Benno Kempa,"[{'alias': 'pet_sitting', 'title': 'Pet Sitting'}, {'alias': 'animalshelters', 'title': 'Animal Shelters'}]",1,1.0,"['Spitzhausstr. 18', '01139 Dresden', 'Germany']",01139,Dresden,"{'latitude': 51.086, 'longitude': 13.6734}",+49 351 8384891,[]
4368,Quincy Animal Shelter,"[{'alias': 'animalshelters', 'title': 'Animal Shelters'}]",14,5.0,"['56 Broad St', 'Quincy, MA 02169']",02169,Quincy,"{'latitude': 42.2559079, 'longitude': -70.9942243}",(617) 376-1349,[]
4381,New Hampshire SPCA,"[{'alias': 'animalshelters', 'title': 'Animal Shelters'}, {'alias': 'petstore', 'title': 'Pet Stores'}]",26,4.0,"['104 Portsmouth Ave', 'Stratham, NH 03885']",03885,Stratham,"{'latitude': 43.01668054869677, 'longitude': -70.9148542412703}",(603) 772-2921,[]
4389,Scituate Animal Shelter,"[{'alias': 'animalshelters', 'title': 'Animal Shelters'}, {'alias': 'petstore', 'title': 'Pet Stores'}]",11,4.5,"['780 Chief Justice Cushing Hwy', 'Scituate, MA 02066']",02066,Scituate,"{'latitude': 42.2070694, 'longitude': -70.780159}",(781) 544-4533,[]
4390,Friends of Marblehead's Abandoned Animals,"[{'alias': 'animalshelters', 'title': 'Animal Shelters'}]",6,3.0,"['44 Village St', 'Marblehead, MA 01945']",01945,Marblehead,"{'latitude': 42.500716, 'longitude': -70.863302}",(781) 631-8664,[]
4398,Kitty Connection,"[{'alias': 'animalshelters', 'title': 'Animal Shelters'}]",42,2.5,"['Medford, MA 02155']",02155,Medford,"{'latitude': 42.4230613708496, 'longitude': -71.1078262329102}",(781) 393-9995,[]
4402,Animal Umbrella,"[{'alias': 'animalshelters', 'title': 'Animal Shelters'}]",3,3.0,"['320 Charger St', 'Revere, MA 02151']",02151,Revere,"{'latitude': 42.42792, 'longitude': -71.00832}",(508) 877-1194,[]
4477,Ramona Schulz,"[{'alias': 'pet_sitting', 'title': 'Pet Sitting'}, {'alias': 'animalshelters', 'title': 'Animal Shelters'}]",1,5.0,"['Bautzener Str. 1', '02957 Krauschwitz', 'Germany']",02957,Krauschwitz,"{'latitude': 51.52961, 'longitude': 14.70334}",+49 35771 50941,[]
4478,Lesní koutek Ralsko,"[{'alias': 'animalshelters', 'title': 'Animal Shelters'}, {'alias': 'walkingtours', 'title': 'Walking Tours'}]",1,4.0,"['Hradčany 459', '471 24 Ralsko', 'Czech Republic']",471 24,Ralsko,"{'latitude': 50.61696, 'longitude': 14.70924}",,[]
4548,Northeast Animal Shelter,"[{'alias': 'animalshelters', 'title': 'Animal Shelters'}]",157,3.0,"['347 Highland Ave', 'Salem, MA 01970']",01970,Salem,"{'latitude': 42.49851, 'longitude': -70.92824}",(978) 745-9888,[]
4939,Mspca Angel,"[{'alias': 'petstore', 'title': 'Pet Stores'}, {'alias': 'pet_training', 'title': 'Pet Training'}, {'alias': 'emergencypethospital', 'title': 'Emergency Pet Hospital'}]",21,4.0,"['400 Broadway', 'Methuen, MA 01844']",01844,Methuen,"{'latitude': 42.73411, 'longitude': -71.19454}",(978) 687-7453,[]
4984,The Home of Paws,"[{'alias': 'pet_sitting', 'title': 'Pet Sitting'}, {'alias': 'pet_training', 'title': 'Pet Training'}, {'alias': 'petstore', 'title': 'Pet Stores'}]",4,3.0,"['54 Washington St', 'Plainville, MA 02762']",02762,Plainville,"{'latitude': 42.00687367, 'longitude': -71.32365083}",(508) 316-0866,[]
5060,Rhode Island SPCA,"[{'alias': 'animalshelters', 'title': 'Animal Shelters'}]",2,5.0,"['186 Amaral St', 'Riverside, RI 02915']",02915,Riverside,"{'latitude': 41.801814, 'longitude': -71.350667}",(401) 438-8150,[]
5089,Faxon Animal Rescue League,"[{'alias': 'animalshelters', 'title': 'Animal Shelters'}, {'alias': 'petstore', 'title': 'Pet Stores'}]",2,5.0,"['474 Durfee St', 'Fall River, MA 02720']",02720,Fall River,"{'latitude': 41.7091, 'longitude': -71.15636}",(508) 676-1061,[]
5091,Forever Paws Animal Shelter,"[{'alias': 'animalshelters', 'title': 'Animal Shelters'}, {'alias': 'petstore', 'title': 'Pet Stores'}]",6,5.0,"['300 Lynwood St', 'Fall River, MA 02721']",02721,Fall River,"{'latitude': 41.66778, 'longitude': -71.17072}",(508) 677-9154,[]
5095,Winslow Farm Animal Sanctuary,"[{'alias': 'animalshelters', 'title': 'Animal Shelters'}]",50,4.0,"['37 Eddy St', 'Norton, MA 02766']",02766,Norton,"{'latitude': 41.93627, 'longitude': -71.165041}",(508) 285-6451,[]
5101,Potter League For Animals,"[{'alias': 'animalshelters', 'title': 'Animal Shelters'}, {'alias': 'pet_training', 'title': 'Pet Training'}, {'alias': 'petadoption', 'title': 'Pet Adoption'}]",26,4.5,"['87 Oliphant Ln', 'Middletown, RI 02842']",02842,Middletown,"{'latitude': 41.5375004, 'longitude': -71.2877314}",(401) 846-8276,[]
5106,Bristol Animal Shelter,"[{'alias': 'animalshelters', 'title': 'Animal Shelters'}]",3,4.0,"['10 Minturn Farm Rd', 'Bristol, RI 02809']",02809,Bristol,"{'latitude': 41.6775062719786, 'longitude': -71.2573568485983}",(401) 253-4834,[]
5293,Stone Dog Inn,"[{'alias': 'groomer', 'title': 'Pet Groomers'}, {'alias': 'petboarding', 'title': 'Pet Boarding'}, {'alias': 'dogwalkers', 'title': 'Dog Walkers'}]",11,4.5,"['258 Plain St', 'Norton, MA 02766']",02766,Norton,"{'latitude': 41.9780763, 'longitude': -71.1330381}",(508) 455-7060,[]
5472,Furry Fellas Dog Walking & Pet Sitting Service,"[{'alias': 'dogwalkers', 'title': 'Dog Walkers'}, {'alias': 'pet_sitting', 'title': 'Pet Sitting'}]",20,4.5,"['1550 Nooseneck Hill Rd', 'Ste 1197', 'Coventry, RI 02816']",02816,Coventry,"{'latitude': 41.674546, 'longitude': -71.5928875}",(401) 374-2230,[]
5473,City Kitty Veterinary Care For Cats,"[{'alias': 'vet', 'title': 'Veterinarians'}]",87,4.5,"['400 Hope St', 'Providence, RI 02906']",02906,Providence,"{'latitude': 41.8372386, 'longitude': -71.4008709}",(401) 831-6369,[]
5474,Rumford Pet Epxress,"[{'alias': 'petstore', 'title': 'Pet Stores'}]",32,3.5,"['865 Warren Ave', 'East Providence, RI 02914']",02914,East Providence,"{'latitude': 41.808391, 'longitude': -71.34909}",(401) 434-8545,[]
5478,PetSmart,"[{'alias': 'pet_training', 'title': 'Pet Training'}, {'alias': 'groomer', 'title': 'Pet Groomers'}, {'alias': 'petstore', 'title': 'Pet Stores'}]",34,3.0,"['1386 Atwood Ave', 'Ste 40', 'Johnston, RI 02919']",02919,Johnston,"{'latitude': 41.815914, 'longitude': -71.498589}",(401) 942-1912,[]
5479,Ace Ventura's Dog Training,"[{'alias': 'pet_training', 'title': 'Pet Training'}]",3,5.0,"['Tiverton, RI 02878']",02878,Tiverton,"{'latitude': 41.6655197143555, 'longitude': -71.1848983764648}",(401) 225-5930,[]
6125,Animal Rescue Rhode Island,"[{'alias': 'animalshelters', 'title': 'Animal Shelters'}]",7,3.0,"['506B Curtis Corner Rd', 'Peace Dale, RI 02879']",02879,Peace Dale,"{'latitude': 41.4540423, 'longitude': -71.5227733}",(401) 783-7606,[]
6676,Helsingin Eläinsuojeluyhdistys,"[{'alias': 'animalshelters', 'title': 'Animal Shelters'}, {'alias': 'social_clubs', 'title': 'Social Clubs'}]",5,5.0,"['Yhdyskunnantie 11', '00680 Helsinki', 'Finland']",00680,Helsinki,"{'latitude': 60.2413597, 'longitude': 24.9600201}",+358 9 54200100,[]
6677,Pääkaupunkiseudun Eläinsuojeluyhdistys,"[{'alias': 'animalshelters', 'title': 'Animal Shelters'}]",1,5.0,"['Kotkankatu 9', '00510 Helsinki', 'Finland']",00510,Helsinki,"{'latitude': 60.1921883, 'longitude': 24.9438591}",+358 45 1359726,[]
6678,Löytöeläintalo Viikki,"[{'alias': 'animalshelters', 'title': 'Animal Shelters'}]",2,4.0,"['Koetilantie 13', '00790 Helsinki', 'Finland']",00790,Helsinki,"{'latitude': 60.2225685, 'longitude': 25.0191803}",+358 45 1134683,[]
6679,Hesy,"[{'alias': 'animalshelters', 'title': 'Animal Shelters'}]",3,3.5,"['Mäkelänkatu 34', '00550 Helsinki', 'Finland']",00550,Helsinki,"{'latitude': 60.194809, 'longitude': 24.9555607}",+358 9 54200100,[]
